index,School,Type,Location
0,Iowa State University,University,"Ames, Iowa, United States, 42°01′34″N 93°38′54″W, Coordinates: 42°01′34″N 93°38′54″W"
1,UW-Platteville,University,"Platteville, Wisconsin, United States, 42.733°N 90.488°W, Coordinates: 42.733°N 90.488°W"
2,CLEMSON UNIVERSITY,University,"Clemson, South Carolina, United States, 34°40′42″N 82°50′21″W, Coordinates: 34°40′42″N 82°50′21″W"
3,Cal-Poly State University,University,"San Luis Obispo, California, United States"
4,The Taft School,High School,"110 Woodbury Road, Watertown, Connecticut 06795, United States"
5,Sayre School,,"Lexington, Kentucky, United States"
6,Cal Poly-San Luis Obispo,University,"San Luis Obispo, California, United States"
7,WESTMINSTER COLLEGE,University,"Salt Lake City, Utah, United States, 40.7318°N 111.8550°W, Coordinates: 40.7318°N 111.8550°W"
8,NC STATE UNIVERSITY,University,"Raleigh, North Carolina, United States, 35°47′14″N 78°40′14″W, Coordinates: 35°47′14″N 78°40′14″W"
9,GEORGE MASON UNIVERSITY,University,"Fairfax, Virginia"
10,The University of Iowa,University,"Iowa City, Iowa, United States, 41°39′42″N 91°32′11″W, Coordinates: 41°39′42″N 91°32′11″W"
11,Cal Poly - San Luis Obispo,University,"San Luis Obispo, California, United States"
12,Millersville University,University,"Millersville, Pennsylvania, U.S."
13,AUSTIN PEACE ACADEMY,High School,"5110 Manor Rd, Austin, Texas 78723, United States"
14,NORTHERN ARIZONA UNIVERSITY,University,"Flagstaff, Arizona, United States, Coordinates: 35.188°N 111.653°W"
15,Bristol-Plymouth Regional Technical Scho,High School,"207 Hart Street, Taunton, Massachusetts 02780-3799, United States"
16,West Seattle High School,High School,"3000 California Ave SW, Seattle, Washington 98116, United States"
17,Pulaski County High School,High School,"5414 Cougar Trail, Dublin, Virginia 24084, United States"
18,Ansonia High School,High School,"20 Pulaski Highway, Ansonia, Connecticut 06401, United States"
19,CALIFORNIA POLYTECHNIC STATE UNIVERSITY,University,"San Luis Obispo, California, United States"
20,SONORAN SCIENCE ACADEMY,,
21,Shorewood HS,,"17300 Fremont Avenue North, Shoreline, WA 98133 USA"
22,Perry High School,High School,"1919 E. Queen Creek Road, Gilbert, AZ"
23,Florida Virtual School,High School,"2145 Metrocenter Blvd, Suite 100, Orlando, Orange, FL 32835, United States"
24,HARLANDALE ISD,,
25,Walden Grove High School,High School,"15510 S. Sahuarita Park Rd, Sahuarita, Arizona 85629, United States"
26,SOUTH TEXAS COLLEGE,University,"McAllen and Rio Grande Valley, Texas, United States, 26.216316°N 98.253316°W, Coordinates: 26.216316°N 98.253316°W"
27,Cesar E. Chavez High School,High School,"800 Browning Road, Delano, California 93215, United States"
28,Middle Creek High School WCPSS,High School,"123 Middle Creek Park Avenue, Apex, North Carolina 27539, United States"
29,Joliet Township District 204,High School,"300 Caterpillar Dr., Joliet, Will County, Illinois, 60436, United States"
30,PHILLIPS EXETER ACADEMY,High School,"20 Main Street, Exeter, New Hampshire 03833, United States"
31,The Lovett School,High School,"4075 Paces Ferry Road, Atlanta, Georgia 30327, United States"
32,APEX VIRTUAL LEARNING SCHOOL,,"Seattle, WA, United States of America"
33,Park Center Senior High,High School,"7300 Brooklyn Boulevard, Brooklyn Park, Minnesota 55443, United States"
34,Davis School District Layton High School,High School,"440 Wasatch Drive (Lancer Lane), Layton, Utah 84041, United States"
35,PENN STATE SHENANGO,,"Sharon, Pennsylvania, United States"
36,EMBRY-RIDDLE AERONAUTICAL UNIV,,"Daytona Beach, Florida, and Prescott, Arizona, United States"
37,Lakeville South High School,High School,"21135 Jacquard Avenue, Lakeville, Minnesota 55044, United States"
38,Sandpoint High School,High School,"410 S. Division Ave., Sandpoint, Idaho, U.S. [2]"
39,WESTERN KENTUCKY UNIVERSITY,University,"Bowling Green, Kentucky, United States, 36°59′10″N 86°27′20″W, Coordinates: 36°59′10″N 86°27′20″W"
40,CHICOPEE HIGH SCHOOL,High School,"820 Front Street, Chicopee, Massachusetts, United States"
41,South Burlington School District,,
42,CULVER ACADEMIES,High School,"1300 Academy Road No. 157, Culver, Marshall County, Indiana 46511, United States"
43,SUNNYSLOPE HIGH SCHOOL,High School,"35 W Dunlap Ave, Phoenix, Arizona 85021, United States"
44,LOUDOUN COUNTY PUBLIC SCHOOLS,High School,"21000 Education Court, Ashburn, Loudoun, Virginia, 20148, United States"
45,Foundation Academy,,
46,FAYETTEVILLE STATE UNIVERSITY,University,"Fayetteville, North Carolina, United States"
47,Fuquay-Varina High School,High School,"201 Bengal Blvd., Fuquay-Varina, North Carolina 27526, United States"
48,CHEMEKETA COMMUNITY COLLEGE,University,"4000 Lancaster Drive NE, Salem, Oregon, USA"
49,Montclair Kimberley Academy,High School,"201 Valley Road, Montclair, NJ 07042, United States"
50,Midland High Scool,High School,"906 W Illinois Ave, Midland, TX 79701, United States"
51,Cherry Hill High School East,High School,"1750 Kresson Road, Cherry Hill, NJ 08003, United States"
52,CENTENNIAL HIGH SCHOOL,High School,"1820 Rimpau Avenue, Corona, California 92881, United States"
53,LEESVILLE ROAD HIGH SCHOOL,High School,"8410 Pride Way, Raleigh, North Carolina, USA"
54,NORTH CAROLINA SCHOOL OF SCIENCE AND MATHEMATICS,High School,"1219 Broad Street, Durham, North Carolina 27705, USA"
55,JAMESTOWN COMMUNITY COLLEGE,University,"Jamestown, New York, United States, 42.113219°N 79.218045°W, Coordinates: 42.113219°N 79.218045°W"
56,Chatfie,,
57,ELIZABETHTOWN COLLEGE,University,"Elizabethtown, Pennsylvania, United States, 40.15°N 76.5919444°W, Coordinates: 40.15°N 76.5919444°W"
58,Brooklyn Technical High School,High School,"29 Fort Greene Place, Brooklyn, NY 11217, United States"
59,ANDREWS UNIVERSITY and LAKE MICHIGAN COLLEGE,University,"Benton Township, Michigan, United States"
60,Hidden Valley High School,High School,"5000 Titan Trail, Roanoke, Virginia 24018, United States"
61,CONRAD HIGH SCHOOL,High School,"7502 Fair Oaks Avenue, Dallas, Texas 75231, United States"
62,All Saints Episcopal School,,
63,Saline High School,High School,"1300 Campus Parkway, Saline, Michigan 48176, United States"
64,Merritt Island High School,High School,"100 East Mustang Way, Merritt Island, Florida, United States"
65,Capistrano Valley HIgh School,High School,"26301 Via Escolar, Mission Viejo, California 92692, United States"
66,Washington High School,High School,"38442 Fremont Boulevard, Fremont, California 94536, United States"
67,TRIANGLE MATH & SCIENCE ACADEMY,,
68,SOUTHERN METHODIST UNIVERSITY,University,"University Park, Texas, United States, 32.841°N 96.784°W, Coordinates: 32.841°N 96.784°W"
69,Crete Monee High School,High School,"1515 W. Exchange Street, Crete, IL 60417, Crete, Illinois, USA"
70,PEOPLES ACADEMY,,
71,Farmington High School,High School,
72,Nipomo High School,High School,"525 North Thompson Road, Nipomo, California, USA 93444"
73,HOUSATONIC COMMUNITY COLLEGE,University,"900 Lafayette Blvd., Bridgeport, CT, 06604, USA"
74,HALIFAX COMMUNITY COLLEGE,University,"Weldon, North Carolina, USA"
75,UTAH VALLEY UNIVERSITY,University,"Orem, Utah"
76,STRATH HAVEN HIGH SCHOOL,High School,"205 S Providence Rd, Wallingford, PA 19086, United States"
77,Colchester Board of Education - Bacon Acacdemy,High School,"611 Norwich Ave, Colchester, Connecticut 06415, United States"
78,Indian Land High School,High School,29707
79,Souhegan High School,High School,"Amherst, New Hampshire, United States"
80,Adlai E Stevenson High School,High School,"1 Stevenson Drive, Lincolnshire, IL, Lincolnshire, IL 60069, United States"
81,Delphos Jefferson High School,High School,"901 Wildcat Lane, Delphos, (Van Wert County), Ohio 45833, United States"
82,Desert Hot Springs High School,High School,"65850 Pierson Blvd, Desert Hot Springs, California, CA 92240, United States"
83,RANCHO MIRAGE HIGH SCHOOL,High School,"31001 Rattler Road, Rancho Mirage, California 92270, United States"
84,BARROW COUNTY SCHOOLS,High School,"179 West Athens Street, Winder, Georgia 30680, United States"
85,FRANKLIN ACADEMY,,
86,"""Woodside High School, Newport News Public Schools""",High School,"13450 Woodside Lane, Newport News, Virginia 23608, United States"
87,Lake Park High School District #108,High School,"600 S. Medinah Road, Roselle, IL 60172 (East), 500 W. Bryn Mawr Ave., Roselle, IL 60172 (West), Illinois, United States"
88,Edmond Santa Fe High School,High School,"1901 West 15th Street, Edmond, Oklahoma 73013, United States"
89,Academy of the Holy Names Tampa,High School,"3319 Bayshore Boulevard, Tampa, (Hillsborough County), Florida 33629, United States"
90,FRONTIER REGIONAL HIGH SCHOOL,High School,"113 North Main Street, South Deerfield, MA 01373, United States"
91,Elk Grove Unified School District,High School,"Elk Grove, CA, South, Eastern Sacramento County California, United States"
92,SNOW COLLEGE,University,"Ephraim, Utah, United States, 39°21′40″N 111°34′59″W, Coordinates: 39°21′40″N 111°34′59″W"
93,Columbia High School,High School,"17 Parker Avenue, Maplewood, New Jersey 07040, United States"
94,PADUA FRANCISCAN HIGH SCHOOL,High School,"6740 State Road, Parma, (Cuyahoga County), Ohio 44134, United States"
95,SANTA FE COLLEGE,University,"Gainesville, Florida, United States"
96,KENNESAW STATE UNIVERSITY,University,"Kennesaw, Georgia, United States, 34.038°N 84.583°W, Coordinates: 34.038°N 84.583°W"
97,EDWARD WATERS COLLEGE,University,"Jacksonville, Florida, U.S., 30.3453°N 81.6847°W, Coordinates: 30.3453°N 81.6847°W"
98,Edgewood High School,High School,"601 South Edgewood Drive, Ellettsville, Indiana 47429, United States"
99,Wahlert Catholic High School,High School,"2005 Kane Street, Dubuque, Iowa 52001-0538, United States"
100,Berkeley County Schools (Musselman High School),High School,"126 Excellence Way, Inwood, West Virginia 25428, United States"
101,Coventry High School,High School,"Coventry, Rhode Island, United States"
102,Northglenn High School,High School,"601 West 100th Place, Northglenn, Colorado 80260, United States"
103,Elgin Academy,High School,"Elgin, Illinois, United States"
104,Robbinsville Public Schools,High School,"155 Robbinsville-Edinburg Road, Robbinsville, NJ 08691"
105,MARQUETTE UNIVERSITY,University,"Milwaukee, Wisconsin, United States"
106,Cambridge Rindge and Latin,High School,"459 Broadway, Cambridge, Massachusetts 02138, United States"
107,La Sierra High School,High School,"4145 La Sierra Avenue, Riverside, California 92505, United States"
108,PIEDMONT COMMUNITY COLLEGE,University,"Roxboro, NC, United States"
109,US Grant High School,High School,"13000 Oxnard Street, Valley Glen, California 91401, United States"
110,Winters Mill High School,High School,"560 Gorsuch Road, Westminster, Maryland 21157, United States"
111,Glenda Dawson High School,High School,"2050 Cullen Blvd, Pearland, Texas 77584, United States"
112,EAST HIGH SCHOOL,High School,"840 South 1300 East, Salt Lake City, Utah 84102, United States"
113,GEORGIA STATE UNIVERSITY,University,"33 Gilmer Street SE, Atlanta, Georgia, 30303, United States[10], 33°45′13.3″N 84°23′09.5″W, Coordinates: 33°45′13.3″N 84°23′09.5″W, [11]"
114,Christopher Columbus High School,High School,"3000 SW Galloway Road (87th Avenue), Westchester, Miami, (Miami-Dade), Florida 33165-3293, United States of America"
115,Tricities High School,High School,"2575 Harris Street, East Point, Georgia 30344, United States"
116,Fountain Valley School of Colorado,High School,"6155 Fountain Valley School Road, Colorado Springs, Colorado 80911, United States"
117,Neuse Charter School,,
118,Nantucket High School,High School,"10 Surfside Road, Nantucket, Massachusetts 02554, United States"
119,Brighton High School,High School,"1150 Winton Road, Rochester, New York 14618, United States"
120,JAMES MADISON HIGH SCHOOL,High School,"4833 Doliva Drive, San Diego, California 92117, United States"
121,Mineral Wells High School,High School,
122,Colleyville Heritage High School,High School,"5401 Heritage Avenue, Colleyville, (Tarrant County), Texas 76034-5919, United States"
123,Miillbury Memorial Jr/Sr High School,High School,"12 Martin St., Millbury, Massachusetts 01527, United States"
124,Jackson High School,High School,
125,UNIVERSITY OF NEBRASKA OMAHA,University,"Omaha, Nebraska"
126,Estes Park High School,High School,
127,Warhill High School WJCC,High School,"4615 Opportunity Way, Williamsburg, Virginia 23188, United States"
128,Ashley Ridge High School,High School,"9800 Delemar Highway, Dorchester County, South Carolina, United States"
129,Eastern Alamance High School,High School,"4040 Mebane Rogers Road, Mebane, North Carolina, United States"
130,HAGERSTOWN COMMUNITY COLLEGE,University,"Hagerstown, Maryland, 21742, United States"
131,VILLANOVA UNIVERSITY,University,"Villanova, Pennsylvania, United States, 40.03771°N 75.33755°W, Coordinates: 40.03771°N 75.33755°W"
132,Cicero-North Syracuse High School,High School,
133,Bayonne High School,High School,"669 Avenue A, Bayonne, NJ 07002, United States"
134,Ankeny High School,High School,"1155 SW Cherry St, Ankeny, Iowa, United States"
135,St. Ignatius College Prep,High School,"1076 West Roosevelt Road, Chicago, Illinois 60608-1594, United States"
136,La Canada High School,High School,"4463 Oak Grove Drive, La Cañada Flintridge, California 91011, United States"
137,Karns High School,High School,"2710 Byington Solway Road, Karns, Tennessee, United States"
138,Carson High School,High School,"22328 South Main Street, Carson, California 90745"
139,Tuscarora High School,High School,"801 N. King Street, Leesburg, Virginia 20176"
140,NEW HAMPTON SCHOOL,,"70 Main Street, New Hampton, New Hampshire, United States"
141,ANDERSON UNIVERSITY,University,"Anderson, South Carolina, United States, 34.514°N 82.638°W, Coordinates: 34.514°N 82.638°W"
142,South Texas High School for Health Professions,High School,"700 Med High Dr., Mercedes, Texas, United States"
143,St. Johns River State college,University,"Palatka, Florida, United States"
144,APS-ECADEMY,,
145,TAYLOR UNIVERSITY,University,"Upland, Indiana, United States"
146,"""Thunderbird High School, Phoenix, Arizona""",High School,"1750 W Thunderbird Rd, Phoenix, Arizona 85023, United States"
147,Fairfax County Public Schools,High School,"8115 Gatehouse Road, Falls Church, (Fairfax County), Virginia, 22042, USA"
148,Anderson High School,High School,
149,MINNESOTA STATE UNIVERSITY MOORHEAD,University,"Moorhead, Minnesota, U.S."
150,WAYNESBURG UNIVERSITY,University,"Waynesburg, Pennsylvania, United States"
151,Chester Senior High School,High School,
152,Southeast Guilford High School,High School,"4530 Southeast School Road, Greensboro, North Carolina, 27406, United States"
153,LEWIS & CLARK COLLEGE,University,
154,WRIGHT STATE UNIVERSITY,University,"Fairborn, Ohio"
155,Berkmar High School,High School,"405 Pleasant Hill Road[1], Lilburn, Georgia 30047, United States"
156,"""California State Univertity, Pomona""",University,"Pomona, California, United States, 34°03′23″N 117°49′18″W, Coordinates: 34°03′23″N 117°49′18″W"
157,"""Westlake High School, Eanes ISD, Austin, TX""",High School,"4100 Westbank Drive, Austin, Travis County, Texas 78746, United States"
158,Metropolitan Community College - Kansas City,University,
159,Kinkaid School,High School,"201 Kinkaid School Drive, Piney Point Village, (Harris County), Texas, United States"
160,TRINITY PREPARATORY SCHOOL,,"Winter Park, Florida, USA"
161,GREATER ATLANTA CHRISTIAN SCHOOL,High School,"1575 Indian Trail Road, Norcross, Georgia 30093, United States"
162,North Davidson High School,High School,"7227 Old U.S. 52, Welcome, North Carolina 27295, United States"
163,ANNE ARUNDEL COMMUNITY COLLEGE,University,"Arnold, Maryland, United States"
164,Beyer High School,High School,"1717 Sylvan Avenue, Modesto, California, United States"
165,ATHENS DRIVE HIGH SCHOOL,High School,"1420 Athens Drive, Raleigh, North Carolina 27606, United States"
166,Marriotts Ridge High School,High School,"12100 Woodford Drive, Marriottsville, MD, 21104"
167,Pine Forest High School,High School,"2500 Longleaf Drive, Pensacola, Florida 32526, United States"
168,WOFFORD COLLEGE,University,"Spartanburg, South Carolina, United States, 34.959°N 81.935°W, Coordinates: 34.959°N 81.935°W"
169,INDIANA UNIVERSITY OF PENNSYLVANIA,University,"Indiana, Pennsylvania, United States"
170,Little Cypress Mauriceville High School,High School,
171,Springville High,High School,"1205 E. 900 S., Springville, Utah 84663, United States"
172,"""Liberty High School, Bealeton, VA""",High School,"6300 Independence Avenue, Bealeton, Virginia 22172"
173,UNIVERSITY AT BUFFALO,University,"Buffalo, New York, United States, 43°00′00″N 78°47′21″W, Coordinates: 43°00′00″N 78°47′21″W"
174,LANSING COMMUNITY COLLEGE,University,"Lansing, Michigan, USA, 42.7388°N 84.5525°W, Coordinates: 42.7388°N 84.5525°W"
175,Paul J Hagerty High School,High School,"3225 Lockwood Boulevard, Oviedo, Florida 32765, United States"
176,UNION GROVE HIGH SCHOOL,High School,"120 E Lake Rd, McDonough, Georgia 30252, United States"
177,PRINCETON DAY SCHOOL,High School,"176 Edgerstoune Road, Princeton, NJ 08540, United States"
178,Howard Suamico School District,,
179,Boerne High School,High School,"1 Greyhound Lane, Boerne, Texas 78006, United States"
180,SANTA ANA COLLEGE,University,"Santa Ana, California, United States, 33.7596°N 117.8875°W"
181,Elkins High School,High School,"7007 Knights Court, Missouri City, Texas 77459, United States"
182,Sharpstown International School / HISD,High School,"8330 Triola Lane, Houston, TX 77036, United States"
183,McCallum High School,High School,"5600 Sunshine Drive, Austin, Texas, Austin, Travis 78756, United States"
184,UNIVERSITY OF VIRGINIA,University,"Charlottesville, Virginia, United States, 38°02′08″N 78°30′12″W, Coordinates: 38°02′08″N 78°30′12″W"
185,CAMPBELLSVILLE UNIVERSITY,University,"Campbellsville, Kentucky, U.S."
186,LAKELAND COMMUNITY COLLEGE,University,"Kirtland, Ohio, United States"
187,Parkview High School,High School,"998 Cole Drive, Lilburn, Georgia 30047, United States"
188,SALT LAKE COMMUNITY COLLEGE,University,"Salt Lake County, Utah, United States, 40°40′20″N 111°56′40″W, Coordinates: 40°40′20″N 111°56′40″W"
189,PROSPER HS,High School,"301 Eagle Drive, Prosper, Texas 75078, United States"
190,Garden Spot High School,High School,"669 East Main Street, New Holland, Lancaster, Pennsylvania 17557, United States"
191,Windsor High School,High School,"8695 Windsor Rd, Windsor, California"
192,HILLSBOROUGH COMMUNITY COLLEGE,University,"Hillsborough County, Florida, United States"
193,Oak Ridge High School,High School,"1120 Harvard Way, El Dorado Hills 95762, United States"
194,WISCONSIN LUTHERAN COLLEGE,University,"Milwaukee, Wisconsin, United States"
195,WITTENBERG UNIVERSITY,University,"Springfield, Ohio, United States"
196,Bald Eagle Area High School,High School,"751 South Eagle Valley Road, Wingate, Centre, Pennsylvania 16823, United States"
197,GRAND VALLEY STATE UNIVERSITY,University,"Allendale & Grand Rapids, Michigan, United States"
198,North Atlanta High School,High School,"4111 Northside Parkway, Atlanta, Georgia, United States"
199,Alonzo & Tracy Mourning Sr. High School,High School,
200,Western Alamance High School,High School,"1731 N NC 87, Elon, North Carolina 27244, United States"
201,CONCORD UNIVERSITY,University,"Athens, West Virginia, USA"
202,Mallard Creek High School,High School,"3825 Johnston Oehler Rd, Charlotte, North Carolina, United States"
203,White County High,High School,"2600 Highway 129 N, Cleveland, Georgia 30528"
204,Springfield Public Schools,,
205,BROWARD COLLEGE DAVIE CAMPUS,University,"Fort Lauderdale, Florida, United States"
206,BROOKSTONE SCHOOL,High School,"440 Bradley Park Drive, Columbus, Georgia 31904, United States"
207,Auburn High School,High School,
208,The First Academy,High School,"2667 Bruton Boulevard, Orlando, Florida, United States"
209,Antioch High School,High School,"700 West 18th Street, Antioch, Contra Costa, California 94509, United States"
210,NORTHWOOD HIGH SCHOOL,High School,"4515 Portola Parkway, Irvine, California 92620, United States"
211,The Roxbury Latin School,High School,"101 Saint Theresa Avenue, West Roxbury, MA 02132, USA"
212,Lawrenceville School,High School,"176 Edgerstoune Road, Princeton, NJ 08540, United States"
213,Chanhassen High School,High School,"2200 Lyman Blvd., Chanhassen, Minnesota 55317, United States"
214,Jericho High School,High School,"99 Cedar Swamp Road, Jericho, New York 11753, United States"
215,Somers High School,High School,"120 Primrose Street, Lincolndale, New York 10540, United States"
216,Archbishop Mitty High School,High School,
217,Fairfax High School,High School,"7850 Melrose Avenue, Los Angeles, California 90046, United States"
218,Rancho Cucamonga High School,High School,"11801 Lark Drive, Rancho Cucamonga, California 91701, USA"
219,Dana Hall,High School,"45 Dana Road, Wellesley, Massachusetts 02181, United States"
220,Martinsburg High School,High School,"701 South Queen Street, Martinsburg, West Virginia, United States"
221,Horizon High School,High School,
222,BOWLING GREEN STATE UNIVERSITY,University,"Bowling Green, Ohio, United States, 41.38°N 83.63°W, Coordinates: 41.38°N 83.63°W"
223,Delaware Valley High School,High School,"252 Route 6 & 209 (11/12) 256 Route 6 & 209 (9/10), Milford, Pike, Pennsylvania 18337-9454, United States"
224,Roy High School,High School,"2150 West 4800 South, Roy, Utah 84067, United States"
225,Brookwood High School,High School,"1255 Dogwood Road, Snellville, Georgia 30078, United States"
226,West Hills High School,High School,"8756 Mast Boulevard, Santee, California 92071, USA"
227,Canyon Crest Academy,High School,"5951 Village Center Loop Rd, San Diego, California 92130, United States"
228,Richland High School,High School,
229,Newsome High School,High School,"16550 Fishhawk Boulevard, Lithia, Florida 33547"
230,TEXAS A&M UNIV CORPUS CHRISTI,University,"College Station, Texas, United States[Note 2]"
231,Waltham High School,High School,"617 Lexington Street, Waltham, Massachusetts 02452, United States"
232,Newton South High School,High School,"140 Brandeis Road, Newton, Massachusetts 02459, United States"
233,PEARL RIVER COMMUNITY COLLEGE,University,"Poplarville, Mississippi, United States"
234,San Francisco University High School,High School,"San Francisco, California, USA"
235,Southern Lehigh School District,High School,
236,HILLSBORO HIGH SCHOOL,High School,"3285 SE Rood Bridge Road, Hillsboro, Oregon 97123, United States"
237,CHERRY HILL HIGH SCHOOL WEST,High School,"2101 Chapel Avenue, Cherry Hill, NJ 08002, United States"
238,Hartford Union High School,High School,
239,PASADENA,,"91101–91110, 91114–91118, 91121, 91123–91126, 91129, 91182, 91184, 91185, 91188, 91189, 91199"
240,Episcopal School of Acadiana,,"Cade, LA, U.S."
241,West Albany High School,High School,"1130 Queen Ave SW, Albany, Linn County, Oregon 97321, United States"
242,MIDDLE TENNESSEE STATE UNIV,University,"Murfreesboro, Tennessee, United States, 35.849°N 86.365°W, Coordinates: 35.849°N 86.365°W"
243,Duluth High School,High School,"Duluth, Georgia 30096"
244,Skyline High School,High School,"12250 Skyline Boulevard, Oakland, California 94619, United States"
245,KEISER UNIVERSITY,University,"West Palm Beach, Florida, United States, Coordinates: 26.1860081°N 80.1638119°W"
246,Byron Nelson High school,High School,"2775 Bobcat Blvd., Trophy Club TX 76262, United States"
247,WAUKEE HIGH SCHOOL,High School,"555 SE University Avenue, Waukee, IA 50263"
248,Dept of Statistics University of South Carolina,University,
249,Allatoona High School,High School,"3300 Dallas Acworth Highway NW, Acworth, Georgia 30101, United States"
250,Antwerp High School,High School,"303 South Harrmann Rd, Antwerp, Paulding County, Ohio 45813, United States"
251,Classical Academy High School,High School,"207 East Pennsylvania Avenue, Escondido, California, USA"
252,Frisco Centennial High School,High School,"6901 Coit Road, Frisco, Texas 75035, United States"
253,SHASTA COLLEGE,University,"Redding, California, United States"
254,Seattle Preparatory School,High School,"2400 11th Avenue East, Seattle, (King County), Washington 98102, United States"
255,Mira Costa High School,High School,"1401 Artesia Boulevard, Manhattan Beach, CA 90266, United States"
256,Servite High School,High School,"1952 West La Palma Avenue, Anaheim, (Orange County), California 92801, United States"
257,Port Chester High School,High School,"1 Tamarack Road, Port Chester, New York 10573, United States"
258,HAMPTON UNIVERSITY,University,"Hampton, Virginia, U.S., 37.022°N 76.336°W, Coordinates: 37.022°N 76.336°W"
259,Cypress High School,High School,"9801 Valley View Street, Cypress, California 90630, United States"
260,Horizon Christian High School,High School,"23370 SW Boones Ferry Road, Tualatin, Washington County, Oregon 97062, United States"
261,H.M. JACKSON HIGH SCHOOL,High School,"1508 136th St. SE, Mill Creek, Washington 98012"
262,Quince Orchard High School,High School,"15800 Quince Orchard Road, Gaithersburg, Maryland 20878, United States"
263,BERKLEY HIGH SCHOOL,High School,"2325 Catalpa, Berkley, MI 48072"
264,CALIF STATE UNIV-LOS ANGELES,University,"University Hills, Los Angeles, California, United States, Coordinates: 34°04′00″N 118°10′04″W"
265,Rocky Hill School,,"530 Ives Road, Warwick, Kent County 02818"
266,Nordonia High School,High School,
267,TEXAS WOMANS UNIVERSITY,University,"Denton, Dallas, and Houston, Texas, United States"
268,Eagle Mountain-Saginaw ISD,,"Tarrant County, Texas, United States"
269,TERRA Environmental Research Institute,High School,"11005 S.W. 84th Street, Kendall, Florida 33173, United States"
270,UW-STEVENS POINT,,"Stevens Point, Wisconsin, United States, 44°31′30″N 89°34′05″W, Coordinates: 44°31′30″N 89°34′05″W"
271,JACKSONVILLE UNIVERSITY,University,"Jacksonville, Florida, USA, 30.3532°N 81.6045°W, Coordinates: 30.3532°N 81.6045°W"
272,LEHIGH CARBON COMMUNITY COLLEGE,High School,"Schnecksville, Pennsylvania, United States"
273,University of Virginia,University,"Charlottesville, Virginia, United States, 38°02′08″N 78°30′12″W, Coordinates: 38°02′08″N 78°30′12″W"
274,Noblesville High School,High School,"18111 Cumberland Road, Noblesville, Hamilton County, Indiana 46060, United States"
275,HUMBOLDT HIGH SCHOOL,High School,
276,The Steward School,High School,"11600 Gayton Road, Henrico, Virginia 23233, United States"
277,Mount Eden High School,High School,"2300 Panama Street, Hayward, California 94545, United States"
278,Kodiak High School,High School,
279,Career Center,,
280,Tatnall School,High School,"1501 Barley Mill Road, Wilmington, DE 19807, Greenville, Delaware, USA"
281,North Forsyth High School,High School,"3635 Coal Mountain Drive, Cumming, Georgia 30028, United States"
282,Framingham High School,High School,"115 A Street, Framingham, Middlesex, Massachusetts 01701, United States"
283,Little Elm High School,High School,"1900 Walker Lane, Little Elm, Texas 75068-5220, United States"
284,Wellspring Preparatory High School,High School,
285,Freedom High School,High School,"1050 Neroly Road, Oakley, California 94561, United States"
286,Golden Valley High School,High School,"27051 Robert C. Lee Parkway, Google map link, Santa Clarita, California, California, United States"
287,Briar Woods High School,High School,"22525 Belmont Ridge Road, Ashburn, Virginia 20148, United States"
288,Tampa Bay Technical High School,High School,"6410 Orient Road, Tampa, Florida 33610"
289,RIO SALADO COMMUNITY COLLEGE,University,"Tempe, Arizona, United States, 33°24′46″N 111°58′26″W, Coordinates: 33°24′46″N 111°58′26″W"
290,Conway Public Schools,High School,"2220 Prince Street, Conway, Arkansas 72034, United States"
291,Staley High School,High School,"2800 N.E. Shoal Creek Parkway in Kansas City North, Missouri"
292,"""Oak Ridge High School, Oak Ridge, TN""",High School,"1450 Oak Ridge Turnpike, Oak Ridge, Tennessee 37830, United States"
293,ST CATHERINE UNIVERSITY,University,
294,T.L. Hanna High School,High School,"2600 Highway 81 North, Anderson, South Carolina 29621, United States"
295,Lovell High School,High School,
296,Greenfield High School,High School,"21 Barr Avenue,, Greenfield, MA 01301, United States"
297,Kenston Local School District,High School,"9500 Bainbridge Road, Chagrin Falls, Ohio 44023, United States"
298,AUSTIN PEAY STATE UNIVERSITY,University,"Clarksville, Tennessee"
299,Hendrickson High School,High School,"19201 Colorado Sand Dr., Pflugerville, Travis, Texas 78660, United States"
300,Clay High School,High School,"2025 FL-16, Green Cove Springs, Florida, USA"
301,Oak Park High School,High School,"899 North Kanan Road, Oak Park, CA, USA"
302,Palm Harbor University High School,High School,"1900 Omaha St., Palm Harbor, Florida, United States"
303,Arcadia High School,High School,"180 Campus Drive, Arcadia, California 91006, United States"
304,Badger High School,High School,
305,ST JOHN FISHER COLLEGE,University,"Rochester, New York, United States"
306,ELCO High School,High School,"180 Elco Drive, Myerstown, Lebanon County, Pennsylvania 17067, United States"
307,Geneva City Schools,High School,"Geneva, New York, Finger Lakes, United States"
308,John W. North High School,High School,"1550 3rd St., Riverside, California 92507, California, USA"
309,Mountain View High School,High School,"3535 Truman Avenue, Mountain View, California 94040, United States"
310,SAINT LOUIS UNIVERSITY,University,"St. Louis, Missouri, United States, 38.636497°N 90.233903°W, Coordinates: 38.636497°N 90.233903°W"
311,THE CHAPIN SCHOOL,High School,"100 East End Avenue, New York, New York 10028, United States"
312,Aurora Christian School,,
313,COLLINSVILLE HIGH SCHOOL,High School,"2201 South Morrison Avenue, Collinsville, Illinois 62234, United States"
314,STUART CRAMER,,
315,UNIVERSITY OF DENVER,University,"Denver, Colorado, United States"
316,Torrey Pines High School,High School,"3710 Del Mar Heights Rd, San Diego, California 92130, United States"
317,Woodmont High School,High School,
318,URSINUS COLLEGE,University,"Collegeville, Pennsylvania, United States, 40.1934°N 75.4559°W, Coordinates: 40.1934°N 75.4559°W"
319,Woodrow Wilson Senior High School,High School,"4500 Multnomah Street, El Sereno, Los Angeles, California 90032, United States"
320,Southeastern Louisiana University,University,"Hammond, Louisiana, United States, 30.517°N 90.468°W, Coordinates: 30.517°N 90.468°W"
321,Liberty High School,High School,"8425 Palm Street, Lemon Grove, California 91945, United States"
322,Boston Community Leadership Academy,,
323,THE BOLLES SCHOOL,High School,"Jacksonville and, Ponte Vedra Beach, Florida, United States"
324,Elkhorn High School,High School,68022
325,Southern Regional High School,High School,"90 Cedar Bridge Road, Manahawkin, NJ 08050, United States"
326,Osceola High School,High School,"420 South Thacker Avenue, Kissimmee, Florida 34741, United States"
327,Albemarle High School,High School,"2775 Hydraulic Road, Charlottesville, Virginia 22901, United States"
328,Longwood High School,High School,"Town of Brookhaven, Suffolk County, New York, United States"
329,Mansfield High School,High School,"3001 East Broad Street, Mansfield, Texas 76063, United States"
330,XAVIER UNIVERSITY,University,"3800 Victory Parkway Cincinnati, Ohio, United States"
331,James C Enochs High School,High School,"3201 Sylvan Ave., Modesto, California"
332,College of Du Page,University,"Glen Ellyn, Illinois, United States"
333,AVERETT UNIVERSITY,University,"Danville, Virginia, United States"
334,Fremont Christian School,,"4760 Thornton Avenue, Fremont, California 94536, United States"
335,"""Big Spring School District, Big Spring High School""",High School,
336,Moore Public Schools,High School,"1500 SE 4th Street, Moore, Oklahoma 73160"
337,MICHIGAN STATE UNIVERSITY,University,
338,Stratford High Schools,High School,"14555 Fern, Houston, TX 77079, United States"
339,Independence High School,High School,"617 North Jackson Avenue, San Jose, California 95133, United States"
340,South Burlington High School,High School,"South Burlington, Vermont, U.S."
341,Daphne High School,High School,"9300 E Lawson Road, Daphne, Alabama 36526, United States"
342,Tampa Catholic High School,High School,"4630 North Rome Avenue, Tampa, (Hillsborough County), Florida 33603, United States"
343,LASELL UNIVERSITY,University,"Newton, Massachusetts, United States, 42.341296°N 71.243356°W, Coordinates: 42.341296°N 71.243356°W"
344,NMSI,,
345,Oyster River High School,High School,"55 Coe Drive, Durham, New Hampshire 03824, United States"
346,Palisades Charter High School,High School,"15777 Bowdoin Street, Pacific Palisades, Los Angeles, California 90272, United States"
347,Carmel High School,High School,"3600 Ocean Ave, Carmel, California 93923, United States"
348,Helena College University of Montana,University,"Helena, Montana, United States"
349,BRADENTON CHRISTIAN SCHOOL,,
350,The Soulsville Charter School,High School,"1115 College Street, Memphis, Tennessee, United States"
351,"""CLARK MONTESSORI HS, CINCINNATI PUBLIC SCHOOLS""",High School,"3030 Erie Ave., Hyde Park, Cincinnati, (Hamilton County), Ohio 45208, United States"
352,Luella High School,High School,"603 Walker Drive, Locust Grove, Georgia 30248, United States"
353,Gainesville High School,High School,"1900 NW 13th Street, Gainesville, Florida 32609, United States"
354,Suffield Academy,,"Suffield, Connecticut"
355,Century High School,High School,"1401 S Grand Ave, Santa Ana, California, United States"
356,Indian Trail,,
357,Pike High School,High School,"5401 West 71st Street, Indianapolis, Indiana 46268, United States"
358,Idea Public Schools,,
359,Fairmont High School,High School,"Anaheim, California"
360,Holy Trinity Episcopal Academy,,"Upper School: 5625 Holy Trinity Drive, Melbourne, FL 32940, Lower School: 50 W. Strawbridge Ave., Melbourne, FL 32901, Melbourne, Brevard, Florida, United States"
361,Reading School District,High School,"800 Washington Street, Reading, Berks County, Pennsylvania, United States"
362,Tavares High School,High School,"Lake County, Florida, United States"
363,White House High School,High School,"901 East Main Street, Whitehouse, Texas 75791-3130, United States"
364,BROOKLYN TECHNICAL HIGH SCHOOL,High School,"29 Fort Greene Place, Brooklyn, NY 11217, United States"
365,NOTRE DAME COLLEGE OF OHIO,University,"South Euclid, Ohio, United States"
366,John Burroughs High School,High School,"1920 West Clark Avenue, Burbank, California 91506, United States"
367,EDGEWOOD COLLEGE,University,"Madison, Wisconsin, United States"
368,SHEPHERD HILL REGIONAL HIGH SCHOOL,High School,"68 Dudley Oxford Road, Dudley, Massachusetts 01571, United States"
369,Academic Magnet High School,High School,"5109-A West Enterprise Street, North Charleston, (Charleston County), South Carolina, United States"
370,Fort Worth Country Day School,High School,"Fort Worth, Texas, United States"
371,Eastside High School,High School,
372,Clarksville High School,High School,"151 Richview Rd, Clarksville, Tennessee, 37043 United States"
373,Saint Marys School,High School,"900 Hillsborough Street, Raleigh, NC 27603, USA"
374,brick memorial high school,High School,"2001 Lanes Mill Road, Brick, NJ 08724, United States"
375,Prairie Grove High School,High School,"500 Cole Drive, Prairie Grove, Arkansas 72753, United States"
376,Gibraltar School District,,
377,UNIVERSITY OF MINNESOTA-TWIN CITIES,University,"Minneapolis and Saint Paul, Minnesota, United States, 44.974747°N 93.235353°W, Coordinates: 44.974747°N 93.235353°W"
378,Providence School,,"2701 Hodges Boulevard, Jacksonville, Florida"
379,SOUTHWEST MINNESOTA STATE UNIVERSITY,University,"Marshall, Minnesota, U.S., 44°27′16″N 95°45′34″W, Coordinates: 44°27′16″N 95°45′34″W"
380,John Jay High School,High School,"60 N Salem Rd, Cross River, New York 10518, United States"
381,SIENA HEIGHTS UNIVERSITY,University,"Adrian, Michigan, United States"
382,Saint StephenÂ´s Episcopal School,High School,"6500 St. Stephen's Drive, Austin, Texas 78746, United States"
383,"""Pocatello School District 25, Century High School""",High School,
384,UNIVERSITY OF SOUTH CAROLINA UPSTATE,University,"Spartanburg, South Carolina, United States, 34°59′51″N 81°58′14″W, Coordinates: 34°59′51″N 81°58′14″W"
385,SAN ANTONIO ISD,,
386,Randolph School,,"1005 Drake Avenue Southwest, Huntsville, Alabama 35802, USA"
387,SHIPPENSBURG UNIVERSITY,University,"Shippensburg, Pennsylvania, United States"
388,JUNIATA COLLEGE,University,"Huntingdon, Pennsylvania, United States"
389,Mather High School,High School,"5835 N. Lincoln Avenue, Chicago, Illinois 60659, United States"
390,Canyon High School,High School,"220 S. Imperial Hwy., Anaheim, CA 92807-3999, United States"
391,CENTRAL CONNECTICUT STATE UNIVERSITY,University,"New Britain, Connecticut, United States"
392,VIRGINIA EPISCOPAL SCHOOL,High School,"400 VES Road, Lynchburg, Virginia 24503, United States"
393,Kiski Area School District,High School,"200 Poplar Street, Vandergrift, Pennsylvania 15690-2022"
394,Round Rock High School,High School,"201 Deep Wood Drive, Round Rock, Texas, United States"
395,Green Hope High School,High School,"2500 Carpenter Upchurch Road, Cary, North Carolina, United States"
396,Flushing Community Schools,,
397,PITTSBURG STATE UNIVERSITY,University,"Pittsburg, Kansas, United States, 37°23′29″N 94°42′09″W, Coordinates: 37°23′29″N 94°42′09″W"
398,Plano West Senior HIgh school,High School,"5601 West Parker Road, Plano, Texas 75093, United States"
399,George Walton Comprehensive High School,High School,"1590 Bill Murdock Rd., Marietta, Georgia, United States"
400,HIGHLAND PARK HIGH SCHOOL,High School,"4220 Emerson Avenue, University Park, (Dallas County), Texas 75205, United States"
401,JACKSON HOLE HIGH SCHOOL,High School,
402,Creekside High School,High School,
403,Parkway West High School,High School,
404,Junction City High School,High School,"1135 West 6th Street, Junction City, (Lane County), Oregon 97448, United States"
405,CAPITAL UNIVERSITY,University,"Bexley, Ohio, U.S."
406,Brockton High School,High School,"470 Forest Avenue, Brockton, Massachusetts 02301, United States"
407,DESERT MOUNTAIN HIGH SCHOOL,High School,"12575 East Via Linda, Scottsdale, Arizona, United States"
408,WHITEFIELD ACADEMY,,
409,H. B. Plant High School,High School,"2415 South Himes Avenue, Tampa, Florida 33629, United States"
410,TROY STATE UNIVERSITY,University,"Troy, Alabama, United States"
411,Gridley High School,High School,"300 E. Spruce St., Gridley, California 95948, United States"
412,MESALANDS COMMUNITY COLLEGE,University,"Tucumcari, New Mexico, United States"
413,GRANTHAM UNIVERSITY,University,"Lenexa, Kansas, U.S."
414,GW Carver HSES,,
415,SUNY Oneonta,University,"Oneonta, New York, United States"
416,SUNY COLLEGE AT ONEONTA,University,"Oneonta, New York, United States"
417,MIDDLE TENNESSEE STATE UNIVERSITY,University,"Murfreesboro, Tennessee, United States, 35.849°N 86.365°W, Coordinates: 35.849°N 86.365°W"
418,The Govenor&acute;s Academy,,
419,Grand Ledge High School,High School,
420,South High Community School,High School,"170 Apricot St, Worcester, Massachusetts 01603, United States"
421,Rio Rancho High School,High School,"301 Loma Colorado Rd. NE, Rio Rancho, New Mexico 87124, United States"
422,Atlee High School,High School,"9414 Atlee Station Road, Mechanicsville, Virginia 23116, United States"
423,Uniondale High School,High School,"933 Goodrich St, Uniondale, (Nassau County), New York 11553, United States"
424,Latin School of Chicago,High School,"59 W. North Boulevard, Chicago, Illinois 60610, United States"
425,Wheeler High School,High School,"375 Holt Rd., Marietta, GA 30068, United States"
426,E O Smith High School,High School,"1235 Storrs Road, Storrs, (Tolland County), Connecticut 06268, United States"
427,YOUNGSTOWN STATE UNIVERSITY,University,"Youngstown, Ohio, United States"
428,JOHNSON COUNTY COMMUNITY COLLEGE,University,"Overland Park, US, 38.9257°N 94.7279°W, Coordinates: 38.9257°N 94.7279°W"
429,SOUTHWEST BAPTIST UNIVERSITY,University,"Bolivar, Missouri, United States, 37°36′07″N 93°24′33″W, Coordinates: 37°36′07″N 93°24′33″W"
430,Louisville Male High School,High School,"4409 Preston Highway, Louisville, Kentucky, United States"
431,TRUMAN STATE UNIVERSITY,University,"Kirksville, Missouri, United States, Coordinates: 40.18917°N 92.58239°W"
432,Adlai E. Stevenson High School,High School,"1 Stevenson Drive, Lincolnshire, IL, Lincolnshire, IL 60069, United States"
433,Holland High School,High School,"600 VanRaalte Avenue, Holland, MI, Michigan 49423, United States"
434,Carroll Senior High School,High School,"1501 W. Southlake Blvd, Southlake, Tarrant County, Texas 76092, United States"
435,Huntley High School,High School,"13719 Harmony Road, Huntley, Illinois 60142, USA"
436,Morris Hills High School,High School,"520 West Main Street, Rockaway, NJ 07866, United States"
437,SEVERANCE,,
438,Lincoln High Schhol,High School,"4777 Imperial Avenue, San Diego, California 92113, United States"
439,Advance Math and Science Academy,High School,"201 (Lower School) / 199 (Upper School) / 165 (White Building) Forest St., Marlborough, Massachusetts 01752, United States"
440,Saint Louis Public School,High School,"801 N 11th Street St. Louis, Missouri, 63101, Missouri"
441,The Hill School,High School,"Pottstown, PA, United States"
442,VALPARAISO UNIVERSITY,University,"Valparaiso, Indiana"
443,WILLIAMSVILLE NORTH HIGH SCHOOL,High School,"1595 Hopkins Road, Williamsville, New York 14221, United States"
444,Health Careers High School,High School,"4646 Hamilton Wolfe Road, San Antonio, Bexar County, Texas 78229"
445,Stevens Point Area School District,High School,"1900 Polk Street, Stevens Point, Wisconsin 54481, Portage County, Wisconsin, United States"
446,Annapolis high school,High School,"1801 Turkey Point Road, Essex, Maryland, United States"
447,DORAL ACADEMY,High School,"11100 NW 27 ST, Doral, FL, 33172, Doral, Florida, United States"
448,MONTGOMERY COLLEGE,University,"Montgomery County, Maryland, United States, 39°05′53″N 77°09′33″W, Coordinates: 39°05′53″N 77°09′33″W"
449,West De Pere High School,High School,"665 Grant St, De Pere, Wisconsin 54115, United States"
450,King Philip Regional High School,High School,"201 Franklin Street, Wrentham, MA 02093, United States"
451,Concord Carlisle High School,High School,"Concord, Massachusetts, United States"
452,Glenbrook North High School (District 225),High School,
453,Cypress Ridge High School,High School,"7900 N. Eldridge Parkway, Houston, TX 77041, United States"
454,Cross Keys High School,High School,
455,Bellaire High School,High School,"349 35th Street, Bellaire, Ohio 43906, United States"
456,UNIVERSITY OF CALIFORNIA-IRVINE,University,"Irvine, California, United States, 33°38′44″N 117°50′33″W, Coordinates: 33°38′44″N 117°50′33″W"
457,SILVER LAKE COLLEGE,University,"Manitowoc, Wisconsin, United States, 44.0710708°N 87.7442676°W, Coordinates: 44.0710708°N 87.7442676°W"
458,Derby High School,High School,"920 North Rock Road[1], Derby, Kansas 67037, United States"
459,PIEDMONT VIRGINIA COMMUNITY COLLEGE,University,"Charlottesville, Virginia, United States"
460,St. Bonaventure University,University,"Allegany, New York, United States"
461,GOGEBIC COMMUNITY COLLEGE,University,"Ironwood, Michigan, United States"
462,FAYETTEVILLE HIGH SCHOOL,High School,"1001 Bulldog Ave., Fayetteville, Arkansas 72701, United States"
463,WAYNE STATE COLLEGE,University,"Wayne, Nebraska, United States"
464,Nokomis Regional High School,High School,"266 Williams Road, Newport, Maine 04953, United States"
465,Barnstable High School,High School,"744 West Main Street, Hyannis, Barnstable, (Barnstable County), Massachusetts 02601, United States"
466,Hampton Roads Academy,High School,"739 Academy Lane, Newport News, Virginia 23602,  United States"
467,GREEN HOPE HIGH SCHOOL,High School,"2500 Carpenter Upchurch Road, Cary, North Carolina, United States"
468,Cosby High School,High School,"14300 Fox Club Parkway, Midlothian, Virginia 23112"
469,SAN MIGUEL HIGH SCHOOL,High School,"6601 South San Fernando Road, Barrio Nopal, Tucson, (Pima County), Arizona 85706, United States"
470,THE UNIVERSITY OF AKRON,University,"Akron, Ohio"
471,Linden High School,High School,"18527 E. Front Street, Linden, California 95236, United States"
472,PALM BEACH STATE COLLEGE,University,"Lake Worth, Florida, United States"
473,Hanover High School,High School,
474,LaBelle High School,High School,"4050 E Cowboy Way, LaBelle, Florida 33935"
475,Fountain Valley High School,High School,"17816 Bushard Street, Fountain Valley, California 92708"
476,Not Your Ordinary School,,
477,Timber Creek High School,High School,"1001 Avalon Park Blvd. East, Orlando, Florida 32828, United States"
478,Dartmouth High School,High School,"555 Bakerville Road, South Coast (Massachusetts), Dartmouth, Bristol County, Massachusetts 02748, United States"
479,Riverview High School,High School,"11311 Boyette Road, Riverview, Florida 33569, United States"
480,Coronado High School,High School,"650 D Ave, Coronado, California 92118, United States"
481,Western Sierra Collegiate Academy,High School,"660 Menlo Drive, Rocklin, California 95765, United States"
482,SAGE HILL SCHOOL,High School,"20402 Newport Coast Drive, Newport Coast, CA 92657, United States"
483,MASS INSIGHT EDUCATION,,
484,SAINT CHARLES PREPARATORY SCHOOL,High School,"2010 East Broad Street, Columbus, (Franklin County), Ohio, 43209-1665, United States"
485,Eau Claire High School,High School,
486,"""Fountain Valley High School, HBUHSD""",High School,"17816 Bushard Street, Fountain Valley, California 92708"
487,SAVANNAH STATE UNIVERSITY,University,"Savannah, Georgia, United States, 32°1′30″N 81°3′50″W, Coordinates: 32°1′30″N 81°3′50″W"
488,Brockway Area School District,High School,"40 North Street, Brockway, Elk County, Jefferson County, Pennsylvania 15824, United States"
489,UNIVERSITY OF SOUTH DAKOTA,University,"Vermillion, South Dakota, United States, 42°47′10″N 96°55′31″W, Coordinates: 42°47′10″N 96°55′31″W"
490,Canisius High School,High School,"1180 Delaware Avenue, Buffalo, (Erie County), New York 14209, United States"
491,Centennial High School,High School,"1820 Rimpau Avenue, Corona, California 92881, United States"
492,HENDERSON STATE UNIVERSITY,University,"Arkadelphia, Arkansas, U.S."
493,Robert E. Lee High School,High School,
494,Ankeny Centennial High School,High School,"Ankeny, Iowa, Midwest, United States"
495,McAllen Memorial High School,High School,"101 East Hackberry Avenue, McAllen, Hidalgo County, Texas 78501, United States"
496,BUENA VISTA UNIVERSITY,University,"Storm Lake, Iowa, United States"
497,Apollo High School,High School,"1835 Cunningham Ave., San Jose, California 95122, United States"
498,Dominion High School VA,High School,"21326 Augusta Drive, Sterling, Virginia 20164"
499,Floyd County College and Career Academy,University,
500,Bolles School,High School,"Jacksonville and, Ponte Vedra Beach, Florida, United States"
501,INDIANA STATE UNIVERSITY,University,"Terre Haute, Indiana"
502,Stonewall Jackson High School,High School,"8820 Rixlew Lane, Manassas, Virginia 20109, United States"
503,Elkhart Central High School,High School,"One Blazer Boulevard, Elkhart, Indiana 46516, United States"
504,NORTH CAROINA VIRTUAL ACADEMY,,
505,"""DISCOVERY HIGH SCHOOL, POLK COUNTY, FL""",High School,
506,Elkhorn Area High School,High School,
507,Wade Hampton High School,High School,
508,Ennis High School,High School,"2301 Ensign Rd, Ennis, Texas 75119, United States"
509,Solorio Academy High School,High School,"5400 S St Louis Ave, Chicago, Illinois 60632, United States"
510,DISCOVERY HIGH SCHOOL,High School,
511,Holy Innocents&acute; Episcopal School,,
512,Middlesex School,High School,"170 Centre Street, Milton, Massachusetts 02186, USA"
513,White Plains High School,High School,"550 North Street, White Plains, New York 10605"
514,Bishop Watterson High School,High School,"99 East Cooke Road, Columbus, Ohio 43214, United States"
515,"""DR. HENRY WISE, JR. HIGH SCHOOL""",High School,"12650 Brooke Lane, Upper Marlboro, MD 20772, Westphalia, Maryland 20772, United States"
516,Chaparral High School,High School,"1600 North Cucamaca Street, El Cajon, California 92020, USA"
517,MOUNT MANSFIELD UNION HIGH SCHOOL,High School,"211 Browns Trace, Jericho, Vermont, United States"
518,Pittsford Mendon High School,High School,"472 Mendon Road, Pittsford, NY 14534, USA"
519,Cuthbertson High School,High School,"1400 Cuthbertson Road, Waxhaw, North Carolina 28173, United States"
520,Van Nuys High School,High School,"6535 Cedros Avenue, Van Nuys, Los Angeles, California 91411"
521,St. JohnÂ´s Preparatory School,High School,"72 Spring Street, Danvers, Massachusetts 01923, United States"
522,Chelsea High School Chelsea,High School,"299 Everett Avenue, Chelsea, Massachusetts 02150, United States"
523,Whitman-Hanson Regional HS,High School,"600 Franklin St., Whitman, Massachusetts 02382, United States"
524,John H. Guyer High School,High School,"7501 Teasley Lane, Denton, Texas 76210, United States"
525,Apple Valley High Schol,High School,"11837 Navajo Rd, Apple Valley, California 92308, United States"
526,SCUCISD,,
527,WESLEYAN SCHOOL,High School,"5405 Spalding Dr., Peachtree Corners, Georgia, United States"
528,Siegel High School,High School,"3300 Siegel Road, Murfreesboro, Tennessee, United States"
529,John Marshall High School,High School,"3939 Tracy Street, Los Angeles, California 90027, United States"
530,Woburn Memorial High School,High School,"88 Montvale Avenue, Woburn, Massachusetts 01801, United States"
531,Loganville High School,High School,"100 Trident Trail, Loganville, Georgia, United States"
532,Bridgman High School,High School,
533,Templeton High school,High School,"1200 Main Street, Templeton, California, United States"
534,Townsend Harris High School,High School,
535,St. MaryÂ´s Episcopal School,High School,"60 Perkins Ext, Memphis, Tennessee 38117, United States"
536,U-32 High School,High School,"East Montpelier, Vermont, United States"
537,North Salinas High School,High School,"55 Kip Dr., Salinas, California, United States"
538,Portsmouth Abbey School,High School,"285 Cory's Lane, Portsmouth, (Newport County), Rhode Island 02871, United States"
539,Community College of Allegheny County,University,"Allegheny County, Pennsylvania, USA"
540,Kent City Schools,High School,"321 North DePeyster Street, Kent, Ohio, 44240, United States"
541,North Brunswick High School,High School,"98 Raider Road, North Brunswick, NJ 08902, United States"
542,KIPP Generations Collegiate,,
543,Westwood Public School District,,
544,Northwest Career and Technical Academy,,"8200 West Tropical Parkway, Las Vegas, NV 89149"
545,WOODWARD ACADEMY,,"College Park, Georgia, United States"
546,United States Naval Academy,,"Annapolis, Maryland, United States"
547,EASTERN KENTUCKY UNIVERSITY,University,"Richmond, Kentucky, United States"
548,Prestonwood Christian Academy,High School,"6801 W. Park Blvd, Plano, Texas 75093, United States"
549,UNIVERSITY OF NORTH CAROLINA AT CHAPEL HILL,University,"Chapel Hill, North Carolina, United States"
550,Downingtown Area School Distirct,High School,"540 Trestle Place, Downingtown, PA 19335, United States"
551,John F. Kennedy Catholic High School,High School,"54 Route 138, Somers, (Westchester County), New York 10589, United States"
552,REINHARDT COLLEGE,University,"Waleska, Georgia"
553,South Portland High School,High School,"637 Highland Avenue, South Portland, Cumberland County, Maine 04106, United States"
554,WALNUT HILLS HIGH SCHOOL,High School,"3250 Victory Parkway, Cincinnati, Ohio 45207, United States"
555,University of wisconsin- waukesha,University,"Waukesha, Wisconsin, United States"
556,Watertown High School,High School,
557,Oregon High School,High School,
558,Anne Arundel County Public Schools,,
559,Lake Oswego High School,High School,"2501 Southwest Country Club Road, Lake Oswego, (Clackamas County), Oregon 97034, United States"
560,North Yarmouth Academy,High School,"148 Main Street, Yarmouth, Maine 04096, United States"
561,Sewickley Academy,High School,"315 Academy Avenue, Sewickley, PA 15143, Coordinates: 40.54389°N 80.19083°W"
562,Hayfield Secondary School,High School,"7630 Telegraph Road, Alexandria, Virginia 22315, United States"
563,YORK COLLEGE,University,"Jamaica, Queens, New York, United States, 40°42′07″N 73°47′42″W, Coordinates: 40°42′07″N 73°47′42″W"
564,ATHENS ACADEMY,High School,"1281 Spartan Lane, Athens, Georgia, United States"
565,Red Mountain High School,High School,"7301 E. Brown Road, Mesa, Arizona, United States"
566,STEPHEN F AUSTIN STATE UNIVERSITY,University,"Nacogdoches, Texas, United States"
567,LoneStar College-CyFair,University,"Cypress, Texas, United States"
568,Keller High School,High School,"601 N. Pate-Orr, Keller, Texas 76248, United States"
569,Plant City High School,High School,"1 Raider Place, Plant City, Florida 33563-7199, United States"
570,T.C. Williams High School,High School,"3330 King Street, Alexandria, Virginia 22302, United States"
571,Rush-Henrietta Senior High School,High School,"1799 Lehigh Station Road, Henrietta, New York, United States"
572,NORTH PARK UNIVERSITY,University,"Chicago, Illinois, United States"
573,Hug High School,High School,"2880 Sutro Street, Reno, Nevada 89512, United States"
574,Greater New Bedford Regional Voc Tech H.S,High School,"1121 Ashley Boulevard, New Bedford, Massachusetts 02745, United States"
575,West Bend West High School,High School,"735 South Main Street, West Bend, Wisconsin, United States"
576,St. Clair County High School,High School,"410 Roy Drive, Ashville, AL 35953, United States, Alabama"
577,ELGIN ACADEMY,High School,"Elgin, Illinois, United States"
578,GEORGIA MILITARY COLLEGE,University,"Milledgeville, Georgia, United States"
579,Cypress Creek High School,High School,"Orlando, Florida, United States"
580,Mustang Schools,,"801 S Snyder Dr, Mustang, Oklahoma 73064"
581,Haltom High School,High School,"5501 Haltom Road, Haltom City, Texas 76137, United States"
582,Shelton State Community College,University,"Tuscaloosa, Alabama, United States"
583,Sunny Hills High School,High School,"1801 Lancer Way, Fullerton, California 92833, United States"
584,Forest Hills Eastern High School,High School,"2200 Pettis, Ada, Kent, Michigan 49301, United States"
585,Spruce Creek High School,High School,"801 Taylor Road, Port Orange, Florida, 32127"
586,UNIVERSITY MISSOURI ST. LOUIS,University,"St. Louis County, Missouri, United States"
587,Albuquerque Academy,High School,"6400 Wyoming Blvd. NE, Albuquerque, New Mexico 87109, United States"
588,Adelanto High School,High School,
589,Katy High School,High School,"6331 Highway Boulevard, Katy, Texas 77494, United States"
590,WAKE TECH COMMUNITY COLLEGE,University,"Raleigh, North Carolina, United States"
591,Riverside Brookfield High School,High School,"160 Ridgewood Rd, Riverside, Illinois 60546, United States"
592,FLORIDA SOUTHWESTERN STATE COLLEGE,University,"Fort Myers, Punta Gorda, Naples, & LaBelle, Florida, United States, 26.551348°N 81.887241°W, Coordinates: 26.551348°N 81.887241°W"
593,SEMINOLE STATE COLLEGE,University,"Sanford, Florida, United States"
594,D.C. Everest School District,,"6300 Alderson Street., Weston, Wisconsin, United States"
595,Pine Creek High School,High School,"10750 Thunder Mountain Avenue, Colorado Springs, Colorado 80908, United States"
596,South Whidbey High School,High School,
597,Vista Murrieta High School,High School,"28251 Clinton Keith Road, Murrieta, California 92563, United States"
598,KETTERING COLLEGE,University,"Kettering, Ohio, United States"
599,Weber High School,High School,"430 West Weber High Drive, Pleasant View, Utah 84414"
600,Califonia High School,High School,"9870 Broadmoor Drive, San Ramon, California 94583, United States"
601,Minneapolis Public Schools,High School,"Minneapolis, Minnesota, United States"
602,Iolani School,High School,"563 Kamoku Street, Honolulu, Hawaii 96826, United States"
603,Rolla High School,High School,"900 Bulldog Run, Rolla, Missouri, Missouri 65401, United States"
604,KALAMAZOO COLLEGE,University,"Kalamazoo, Michigan, United States, 42.290°N 85.601°W, Coordinates: 42.290°N 85.601°W"
605,Gila Community College Eastern Arizona College,University,"Thatcher, Arizona, USA, 32.8419°N 109.762°W"
606,ST. MARK'S SCHOOL OF TEXAS,High School,"10600 Preston Road, Dallas, Texas 75230, United States"
607,WILKES UNIVERSITY,University,"Wilkes-Barre, Pennsylvania, United States, 41°14′36″N 75°53′27″W, Coordinates: 41°14′36″N 75°53′27″W"
608,John Bapst Memorial High School,High School,"Bangor, Maine, USA"
609,Ward Melville High School,High School,"380 Old Town Road, East Setauket, New York 11733, United States"
610,WOODBERRY FOREST SCHOOL,,"Woodberry Forest, Virginia, United States"
611,Lawrence Free State High School,High School,"4700 Overland Drive[1], Lawrence, Kansas 66049, United States"
612,Lake Mary Prep,High School,"650 Rantoul Lane, Lake Mary, (Seminole County), Florida 32746, United States"
613,ALBERT EINSTEIN HIGH SCHOOL,High School,"11135 Newport Mill Road, Kensington, Maryland, United States"
614,Stadium High School,High School,"111 North E Street, Tacoma, Pierce, Washington 98403, United States"
615,St. James Academy,High School,"24505 Prairie Star Parkway, Lenexa, Kansas 66227, United States"
616,Dove Science academy,High School,"280 S Memorial Dr, Tulsa, Oklahoma, United States"
617,KIPP DuBois Collegiate Academy,,
618,Provo High School,High School,"1199 North Lakeshore Drive, Provo, Utah"
619,GEORGIA GWINNETT COLLEGE,University,"Lawrenceville, Georgia, United States"
620,SPARTANBURG COMMUNITY COLLEGE,University,"Spartanburg, South Carolina, United States, Lat: 34.9755, Long: -81.989200"
621,Waukesha West High School,High School,"3301 Saylesville Road, Waukesha, Wisconsin 53189, United States"
622,THE COLLEGE OF NEW JERSEY,University,"Ewing, New Jersey, United States, 40.271223°N 74.782894°W, Coordinates: 40.271223°N 74.782894°W"
623,North Oldham High School,High School,"1815 South Hwy 1793, Goshen, Kentucky 40026, United States"
624,SACRAMENTO STATE UNIVERSITY,University,"Sacramento, California, United States"
625,HUNTINGTON PARK INSTITUTE OF APPLIED MEDICINE,,
626,SW Guilford HS,High School,"4364 Barrow Rd., High Point, North Carolina, United States"
627,North Canyon High School,High School,"1700 E. Union Hills Drive, Phoenix, AZ"
628,University of West Georgia,University,"Carrollton, Georgia, United States, 33°34′18″N 85°06′53″W"
629,Catholic High School,High School,"5555 Del Mar Heights Road, Carmel Valley, San Diego, San Diego, (San Diego County), California 92130, United States"
630,Innovation Centrai High School Grand Rapids Mi,High School,"421 Fountain St NE,, Grand Rapids, Michigan, United States"
631,CLEVELAND COMMUNITY COLLEGE,University,"Shelby, North Carolina, USA, Coordinates: 35.280952°N 81.493022°W"
632,"""WAUNAKEE COMMUNITY HIGH SCHOOL, WAUNAKEE, WI""",High School,"301 Community Drive, Waunakee, Wisconsin, United States"
633,Suncoast High School,High School,"1717 Avenue S, Riviera Beach, Palm Beach, Florida 33404, United States Of America"
634,Ardrey Kell High School,High School,"10220 Ardrey Kell Road, Charlotte, North Carolina, US"
635,STOCKBRIDGE HIGH SCHOOL,High School,"1151 Old Conyers Rd, Stockbridge, Georgia, United States"
636,Marist High School,High School,"4200 West 115th Street, Chicago, Illinois 60655, United States"
637,District of Columbia Pub Schools,High School,"1200 First Street, NE, Washington, DC 20002, Mid-Atlantic, Southeast, United States"
638,Mountain Crest High School,High School,"255 South 800 East, Hyrum, Utah, U.S."
639,Laguardia High School of Music and Art and Perform,High School,"100 Amsterdam Avenue, Upper West Side, New York, New York 10023, United States"
640,Pinnacle High School,High School,"3535 East Mayo Boulevard, Phoenix, Arizona 85050, United States"
641,Franklin High School,High School,"820 North Avenue 54, Highland Park, Los Angeles, California 90042, United States"
642,Mount Vernon Presbyterian School,High School,"471 / 510 Mount Vernon Hwy., Sandy Springs, Georgia 30328-4141, United States"
643,Williamsport Area High School,High School,"2990 West Fourth Street, Williamsport, Lycoming, Pennsylvania 17701-9134, United States"
644,Jacobs High School,High School,"2861 Womble Rd., San Diego, California 92106, United States"
645,Randolph High School,High School,"511 Millbrook Avenue, Randolph, NJ 07869, United States"
646,Arab High School,High School,
647,NORTHWESTERN STATE UNIVERSITY,University,"Natchitoches, Louisiana, United States, 31°45′00″N 93°05′50″W, Coordinates: 31°45′00″N 93°05′50″W"
648,Valley View High School,High School,
649,"""WCC, SUNY, NY State; BMCC, CUNY, NY City""",,"New York City, New York, United States"
650,Woodford County High School,High School,"180 Frankfort Street (US 60), Versailles, Kentucky 40383, United States"
651,Wylie High School,High School,"2550 West FM 544, Wylie, Texas 75098-0490, United States"
652,University School of NSU,High School,"3375 SW 75 Ave, Fort Lauderdale, Florida, United States"
653,PORTAGE NORTHERN HIGH SCHOOL,High School,"1000 Idaho Ave., Portage, Michigan 49024-1233"
654,PINE CREST HIGH SCHOOL,High School,"Fort Lauderdale &, Boca Raton, Florida, United States"
655,IDEA Public Schools--Mission CP,,
656,BRAZOSPORT HIGH SCHOOL,High School,"1800 West 2nd Street, Freeport, Texas 77541, United States"
657,Arvada West High School,High School,"11595 Allendale Drive, Arvada, Colorado 80004, United States"
658,DEL MAR COLLEGE,University,"Corpus Christi, Texas, United States"
659,ORAL ROBERTS UNIVERSITY,University,
660,ORANGE COUNTY VIRTUAL FRANCHISE,,
661,Panther Creek High School,High School,"6770 McCrimmon Parkway, Cary, North Carolina 27519, United States"
662,READING AREA COMMUNITY COLLEGE,University,"Reading, Penn., United States"
663,UNIVERSITY OF NORTH GEORGIA,University,"Dahlonega, Oakwood, Blue Ridge, Cumming and Watkinsville, Georgia, United States"
664,EAST TEXAS BAPTIST UNIVERSITY,University,"Marshall, Texas, United States, 32.555925°N 94.373191°W, Coordinates: 32.555925°N 94.373191°W"
665,Lubbock High School,High School,"2004 19th St., Lubbock, Texas 79401, United States"
666,THE BOYS LATIN SCHOOL OF MARYLAND,,"822 W. Lake Avenue, Baltimore, MD, USA"
667,FLORIDA ATLANTIC UNIVERSITY,University,"Boca Raton, Florida, United States, 26.3712°N 80.1017°W, Coordinates: 26.3712°N 80.1017°W"
668,EASTERN FLORIDA STATE COLLEGE,University,"Brevard County, Florida, United States"
669,Woodrow Wilson High School,High School,"4400 East Tenth Street, Long Beach, California 90804, United States"
670,Christian Brothers Academy,High School,"850 Newman Springs Road, Lincroft, (Monmouth County), NJ 07738, United States"
671,WILLIAM PATERSON UNIVERSITY,University,
672,The Heritage School,High School,"2093 Highway 29 North, Newnan, Georgia 30263, United States"
673,Marvin Ridge High School,High School,"2825 Crane Road, Waxhaw, North Carolina, United States"
674,PROSPER HIGH SCHOOL,High School,"301 Eagle Drive, Prosper, Texas 75078, United States"
675,UTTIA PALESTINE,,
676,Select One,,
677,John D. O&acute;Bryant School of Mathematics and Science,,
678,Broad Run high school,High School,"21670 Ashburn Road, Ashburn, Virginia 20147"
679,Tampa Preparatory School,High School,"727 West Cass Street, Tampa, Florida 33606, United States"
680,Loudoun Valley High School,High School,"340 North Maple Avenue, Purcellville, Virginia 20132"
681,Westlake High School,High School,"100 Lakeview Canyon Road, Thousand Oaks, California 91362, United States"
682,TULSA COMMUNITY COLLEGE,University,"Tulsa, Oklahoma, United States"
683,LONOKE HIGH SCHOOL,High School,"501 West Academy Street, Lonoke, Arkansas 72086, United States"
684,Oakland High School,High School,"1023 MacArthur Boulevard, Oakland, California 94610, United States"
685,UNIVERSITY OF RHODE ISLAND,University,"Kingston, Rhode Island, United States"
686,MILLERSVILLE UNIVERSITY OF PA,University,"Millersville, Pennsylvania, U.S."
687,JOHNS HOPKINS UNIVERSITY,University,"Baltimore, Maryland, United States, 39°19′44″N 76°37′13″W, Coordinates: 39°19′44″N 76°37′13″W"
688,West Windsor Plainsboro High School South,High School,"346 Clarksville Road, West Windsor Township, NJ 08550, United States"
689,Collegiate School,,
690,Hill Regional Career High School,High School,"140 Legion Ave, New Haven, Connecticut 06519, United States"
691,Paul R. Wharton High School,High School,"20150 Bruce B Downs Boulevard, Tampa, Florida 33647, United States"
692,Middletown High School South,High School,"900 Nut Swamp Road, Middletown Township, NJ 07748, United States"
693,Durham Academy,High School,"3601 Academy Road, Durham, North Carolina 27705, United States"
694,Central High School,High School,"1700 West Olney Avenue, Philadelphia, Pennsylvania 19141, United States"
695,THE BUSH SCHOOL,High School,"3400 East Harrison Street, Madison Valley, Seattle, Washington 98112, United States"
696,MOUNT VERNON PRESBYTERIAN SCHOOL,High School,"471 / 510 Mount Vernon Hwy., Sandy Springs, Georgia 30328-4141, United States"
697,The Madeira School,High School,"8328 Georgetown Pike, McLean, Virginia 22102, United States"
698,Strawberry Crest High School,High School,"4691 Gallagher Road, Dover, Florida 33527, United States"
699,DESALES UNIVERSITY,University,"Center Valley, Pennsylvania, U.S."
700,University of Cincinnati - Clermont,University,"Batavia, Ohio, United States"
701,Maplewood Richmond Heights HS,,"7539 Manchester Road, Maplewood, Missouri 63143, United States"
702,Lake Park High School,High School,"600 S. Medinah Road, Roselle, IL 60172 (East), 500 W. Bryn Mawr Ave., Roselle, IL 60172 (West), Illinois, United States"
703,The Westminster Schools,High School,"1424 West Paces Ferry Road, NW, (Buckhead), Atlanta, Georgia 30327, United States"
704,Athens Academy,High School,"1281 Spartan Lane, Athens, Georgia, United States"
705,VALOR CHRISTIAN HIGH SCHOOL,High School,"3775 Grace Blvd., Highlands Ranch, Colorado 80126, United States"
706,Brentwood High School,High School,"Middleton Hall Lane, Brentwood, Essex, CM15 8EE, England"
707,C.E. Jordan High School,High School,"6806 Garrett Road, Durham, North Carolina 27707, USA"
708,Garfield High School,High School,"5101 E. Sixth Street, East Los Angeles, California 90022, United States"
709,North Garland High School,High School,"2109 W Buckingham Road, Garland, Dallas County, Texas 75042, United States"
710,CENTRAL BUCKS EAST HIGH SCHOOL,High School,"2804 Holicong Road, Buckingham, Pennsylvania, United States"
711,Diamond Bar High School,High School,"21400 Pathfinder Road, Diamond Bar, California 91765, United States"
712,Olathe North High School,High School,"600 East Prairie Road [1], Olathe, Kansas 66061, United States"
713,Solanco High School,High School,"585 Solanco Road, Quarryville, Lancaster, Pennsylvania, 17566, United States"
714,Plano West Senior High,High School,"5601 West Parker Road, Plano, Texas 75093, United States"
715,Lassiter High School,High School,"2601 Shallowford Road, Marietta, Georgia 30066, United States"
716,OHIO STATE UNIVERSITY ALL CAMPUSES,University,"Columbus, Ohio, United States"
717,Susquehanna Township School District,High School,"3550 Elmerton Avenue, Harrisburg, Dauphin County, Pennsylvania, 17110-1131, United States"
718,CAL POLY STATE UNIVERSITY - San Luis Obispo,University,"San Luis Obispo, California, United States"
719,Forest Lake High School,High School,"6101 Scandia Trail North, Forest Lake, Minnesota 55025, United States"
720,Lakewood High School,High School,"4400 Briercrest Avenue, Lakewood, California 90713, United States"
721,Folsom High School,High School,"1655 Iron Point Road, Folsom, California 95630, United States United States"
722,BOWIE HIGH SCHOOL,High School,"15200 Annapolis Road[1], Bowie, Maryland[1], United States"
723,Thomas Jefferson HS for Science and Tech,High School,"6560 Braddock Road, Alexandria, Virginia 22312"
724,Sultana High School,High School,
725,SPOKANE VALLEY TECH,,
726,Ithaca City Schools,,
727,MIDLOTHIAN HERITAGE HIGH SCHOOL,High School,
728,SETON HALL UNIVERSITY,University,"South Orange, New Jersey, United States"
729,Alan C. Pope High School,High School,"3001 Hembree Rd., Marietta, Georgia, United States"
730,GLOBAL IMPACT STEM ACADEMY,,
731,Central Park East High School,High School,"54-40 74th St, Queens, New York 11373, United States"
732,Fort Walton Beach High School,High School,"400 SW Hollywood Blvd, Fort Walton Beach, Okaloosa, Florida 32548, United States"
733,The MacDuffie School,High School,"66 School Street, Hampshire County, Granby, Massachusetts 01033, United States of America"
734,St. Ursula Academy,High School,"1339 East McMillan Street, Cincinnati, (Hamilton County), Ohio, 45206-2164, United States"
735,Holy Names Academy,High School,"728 21st Avenue East, Seattle, (King County), Washington 98112, United States"
736,LYMAN HIGH SCHOOL,High School,"865 South Ronald Reagan Boulevard, Longwood, Florida 32750, United States"
737,Indian Hill High School,High School,"6865 Drake Road, Indian Hill, (Hamilton County), Ohio 45243, United States"
738,Countryside High,High School,"3000 State Road 580, Clearwater, Florida 33761, United States"
739,South Forsyth High School,High School,"585 Peachtree Parkway, Cumming, Georgia, United States"
740,AMERICAN RIVER COLLEGE,University,"Foothill Farms, California, United States"
741,Upper Arlington High School,High School,"1650 Ridgeview Road, Upper Arlington, Ohio 43221, United States"
742,COLLEGE OF THE CANYONS,University,"Santa Clarita, California, United States, 34°24′16″N 118°34′05″W, Coordinates: 34°24′16″N 118°34′05″W"
743,MOORPARK COLLEGE,University,"Moorpark, California, United States"
744,Western Guilford High School,High School,"409 Friendway Rd, Greensboro, North Carolina 27410, United States"
745,J. SARGEANT REYNOLDS COMMUNITY COLLEGE,University,"Richmond, Virginia, United States"
746,Maurice McDonough High School,High School,"7165 Marshall Corner Road, Pomfret, Maryland 20675"
747,Westchester Community College,University,"Valhalla, New York, United States, 41°04′00″N 73°47′25″W, Coordinates: 41°04′00″N 73°47′25″W"
748,roanoke county schools,,
749,Coahulla Creek High School,High School,"3361 Crow Rd., Dalton, Georgia 30721,  United States"
750,NORTH CAROLINA VIRTUAL PUBLIC SCHOOL,,
751,Highland Park High School,High School,"4220 Emerson Avenue, University Park, (Dallas County), Texas 75205, United States"
752,Lawrence Central High School,High School,"7300 East 56th Street, Indianapolis, Marion County, Indiana, United States"
753,Bartlett high school,High School,"701 Schick Road, Bartlett, Illinois 60103, United States"
754,Sioux Falls Christian HS,High School,"6120 S. Charger Circle, Sioux Falls, South Dakota 57108, United States"
755,North Broward Preparatory School,High School,"7600 Lyons Road, Coconut Creek, Florida 33073, United States"
756,Johnson Central High School,High School,"257 North Mayo Trail, Paintsville, KY 41240"
757,Hendrick Hudson High School,High School,
758,STRAKE JESUIT COLLEGE PREPARATORY,High School,"8900 Bellaire Boulevard, Houston, Texas 77036-4699, United States"
759,Merrimack High School,High School,"38 McElwain Street, Merrimack, New Hampshire, United States"
760,VALLEY CHRISTIAN HIGH SCHOOL,High School,"100 Skyway Drive, San Jose, California 95111, United States"
761,Harmony School of Advancement,,
762,Corinth Holders High School,High School,"6875 Applewhite Road, Wendell, North Carolina 27951, United States"
763,Deerfield Beach High School,High School,"910 Buck Pride Way, Deerfield Beach, Florida 33441, United States"
764,MADISON,,"ZIP Codes[4], [show]"
765,Prosper High School,High School,"301 Eagle Drive, Prosper, Texas 75078, United States"
766,WYNNE HIGH SCHOOL,High School,"1300 North Falls Boulevard, Wynne, Arkansas 72356, United States"
767,NORTH HAGERSTOWN HIGH SCHOOL,High School,"1200 Pennsylvania Avenue, Hagerstown, Maryland, United States"
768,COLUMBUS NORTH,,"1400 25th Street, Columbus, Indiana 47201, United States"
769,"""Plantation High School, Plantation, Florida""",High School,"6901 NW 16th Street, Plantation, Florida 33313, United States"
770,SAN DIEGO MESA COLLEGE,University,"San Diego, California, United States"
771,San Jacinto High School,High School,"500 Idyllwild Drive, San Jacinto, California 92583, United States"
772,Baker High School,High School,"Columbus, Georgia, United States"
773,Rich Township High School District 227,High School,
774,Carmel Clay Schools,High School,"5201 E. Main Street (131st), Carmel, Indiana, 46033, United States"
775,JAMES E. TAYLOR,High School,"20700 Kingsland Boulevard, Katy, Harris County, Texas 77450, United States"
776,Decorah High School,High School,
777,Copley-Fairlawn City Schools,,
778,Jefferson High School,High School,"1319 East 41st Street, Los Angeles, California 90011, United States"
779,Middletown High School,High School,"20932 Big Canyon Rd., Middletown, California 95461, United States"
780,Orange County School of the Arts,High School,"1010 N. Main Street, Santa Ana, California 92701, United States"
781,KALAMAZOO VALLEY COMMUNITY COLLEGE,University,"Kalamazoo, Michigan, USA"
782,Pflugerville High School,High School,"1301 W. Pecan Street, Pflugerville, Texas 78660, United States"
783,Holderness School,High School,"Holderness, New Hampshire, USA"
784,UNIVERSITY OF ARIZONA,University,"Tucson, Arizona, United States"
785,Poudre High School,High School,"201 Impala Drive, Fort Collins, Colorado, United States"
786,Holmen High School,High School,"1001 McHugh Road, Holmen, Wisconsin 54636, United States"
787,Caledonia High School,High School,"9050 Kraft Avenue, Caledonia, Michigan 49316, United States"
788,Lake Norman High School,High School,"186 Doolie Road, Mooresville, North Carolina 28117, United States"
789,John P Stevens High School,High School,"855 Grove Avenue, Edison, New Jersey, NJ 08820, United States"
790,Randolph Eastern School Corporation,,
791,LIPSCOMB ACADEMY,,"3901 Granny White Pike, Nashville, Tennessee 37204, United States"
792,Glenwood Springs High School,High School,"1521 Grand Avenue, Glenwood Springs, Colorado, United States"
793,OHIO STATE UNIVERSITY,University,"Columbus, Ohio, United States"
794,FLORIDA STATE COLLEGE AT JACKSONVILLE,University,"Jacksonville, Florida, United States"
795,"""UNIVERSITY OF COLORADO, Colorado Springs""",University,"Colorado Springs, Colorado, United States"
796,Middletown Township Public Schools,High School,"59 Tindall Road, Middletown, NJ 07748, United States"
797,Dover High School,High School,"520 N Walnut St, Dover, Ohio 44622, United States"
798,Bethany High School,High School,"6623 North Mueller Avenue, Bethany, Oklahoma 73008, United States"
799,Jonesboro High School,High School,"7728 Mt. Zion Boulevard, Jonesboro, Georgia 30236, United States"
800,BERRY COLLEGE,University,"Rome (Floyd County), Georgia, United States"
801,GEORGIA STATE UNIVERSITY PERIMETER COLLEGE,University,"Suburban Atlanta, Georgia, USA"
802,NORTHWEST VISTA COLLEGE,University,"San Antonio, Texas, United States"
803,Mesquite High School,High School,"300 E. Davis Street, Mesquite, Texas 75149, United States"
804,Shattuck-St. Mary&acute;s School,,"1000 Shumway Avenue, Faribault, Minnesota 55021, USA"
805,COVENANT CHRISTIAN HIGH SCHOOL,High School,"7525 West 21st Street, Indianapolis, Marion County, Indiana 46214, United States"
806,Rock Bridge High School,High School,"4303 S. Providence Road, Columbia, Missouri 65203, United States"
807,Belvidere North High School,High School,"9393 Beloit Road, Belvidere, Illinois 61008, United States"
808,GULLIVER PREP,High School,"Coral Gables, Florida, Pinecrest, Florida, Miami, Florida, USA"
809,CALIFORNIA POLYTECHNIC UNIVERSITY,University,"San Luis Obispo, California, United States"
810,Azusa High School,High School,"240 N Cerritos Ave, Azusa, California 91702, United States"
811,THE HARKER SCHOOL,High School,"Upper School: 500 Saratoga Ave., Middle School: 3800 Blackford Ave., Lower School: 4300 Bucknall Rd., Preschool: 4525 Union Ave., San Jose, California, United States"
812,NEW COLLEGE OF FLORIDA,University,"Sarasota, Florida, United States"
813,West Essex High School,High School,"65 West Greenbrook Road, North Caldwell, NJ 07006, United States"
814,Rialto Unified School District,High School,"Rialto, California, San Bernardino County, United States"
815,Alfred B. Maclay Jr Day School,High School,"3737 North Meridian Road, Tallahassee, Florida 32312, United States"
816,The Covenant School - Upper Campus,High School,"175 Hickory Street, Charlottesville, Virginia"
817,Menomonee Falls High School,High School,"W142 N8101 Merrimac Drive, Menomonee Falls, Wisconsin 53051, United States"
818,North Stafford High School,High School,"839 Garrisonville Rd, Stafford, Virginia 22554, United States"
819,VALENCIA COLLEGE,University,"Orlando, Florida, United States"
820,Eagle Valley High School,High School,"641 Valley Road, Gypsum, Colorado, United States"
821,Lower Merion School District,,
822,Wyomissing Area Junior Senior High School,High School,"630 Evans Avenue, Wyomissing, Berks County, PA, 19610, United States"
823,Flower Mound High School,High School,"3411 Peters Colony, Flower Mound, Denton County, Texas 75022, United States"
824,WASHINGTON COLLEGE,University,"Chestertown, Maryland, United States, 39°13′05″N 76°04′10″W, Coordinates: 39°13′05″N 76°04′10″W"
825,Devon Preparatory School,High School,"363 North Valley Forge Road, Devon, Chester County, Pennsylvania 19333-1299, United States"
826,Mid-Pacific Institute,High School,"2445 Kaala Street, Honolulu, Hawaii 96822, United States"
827,Catalyst Maria High School,High School,
828,Elgin High School,High School,"1200 Maroon Drive, Elgin, Illinois 60120, United States"
829,LAND O LAKES HIGH SCHOOL,High School,"20325 Gator Lane, Land O' Lakes, Florida, United States"
830,East High School,High School,"840 South 1300 East, Salt Lake City, Utah 84102, United States"
831,KING UNIVERSITY,University,"Wilkes-Barre, PA, US, 41°14′53″N 75°52′39″W, Coordinates: 41°14′53″N 75°52′39″W"
832,Ben Lippen School,,
833,MONTACHUSETT REG VOC TECH SCH,High School,"1050 Westminster Street, Fitchburg, Massachusetts 01420, United States"
834,CURRENTLY NOT EMPOLYED,,
835,Nova High School,High School,"Redding, California"
836,Tempe Union High School Dist,High School,"500 West Guadalupe Road, Tempe, Arizona 85283"
837,LINCOLN HIGH SCHOOL,High School,"4777 Imperial Avenue, San Diego, California 92113, United States"
838,Grovetown High School,High School,"2010 Warrior Way, Grovetown, Georgia 30813, United States"
839,ROWAN UNIVERSITY,University,"Glassboro, Camden, Stratford, New Jersey, United States"
840,Cedar Park High School,High School,"2150 Cypress Creek Road, Cedar Park, TX 78613, United States"
841,Arundel High School,High School,"1001 Annapolis Road, Gambrills, Maryland 21054, United States"
842,Westminister Christian Academy,High School,"Opelousas, LA, Opelousas, (St. Landry Parish), Louisiana 70570, United States"
843,Cooper High School,High School,
844,Loyola Academy,,"1100 Laramie Avenue Wilmette, Illinois, 60091, USA, 42°5′1″N 87°45′39″W, Coordinates: 42°5′1″N 87°45′39″W"
845,San Benito High School,High School,"1220 Monterey St., Hollister, California 95023, United States"
846,UNIVERSITY OF VIRGINIA SFS,University,
847,St. Johns River State College,University,"Palatka, Florida, United States"
848,SAINT PAUL CONSERVATORY FOR PERFORMING ARTISTS,,
849,MCCLUER NORTH HIGH SCHOOL,High School,"705 Waterford Dr, Florissant, Missouri 63033, United States"
850,The Frederick Douglass Academy,High School,"2581 7th Avenue, New York, NY 10039"
851,BLUE VALLEY HIGH SCHOOL,High School,"6001 West 159th Street[1], Overland Park, Kansas 66085, United States"
852,Jesuit College Preparatory School of Dallas,High School,"12345 Inwood Road, Dallas, (Dallas County), Texas 75244, United States"
853,Heritage High School,High School,"26001 Briggs Road, Menifee, Riverside County, California 92585, United States"
854,Waynesville High School,High School,
855,Leonardtown High School,High School,"Leonardtown, Maryland, USA"
856,Shawnee Mission East High School,High School,"7500 Mission Road[1], Prairie Village, Kansas 66208, United States"
857,NOTRE DAME HIGH SCHOOL BELMONT,High School,"1540 Ralston Avenue, Belmont, (San Mateo County), California 94002, United States"
858,SUNY ONEONTA,University,"Oneonta, New York, United States"
859,OTAY RANCH HIGH SCHOOL,High School,"1250 Olympic Parkway, Chula Vista, California 91913, United States"
860,BENTON HIGH SCHOOL,High School,"449 Fairburn Avenue, Bossier City, LA 71111"
861,CHATTANOOGA GIRLS LEADERSHIP ACADEMY,,
862,Lincolnton High,High School,"803 N Aspen St, Lincolnton, NC, United States"
863,Park Vista High School,High School,"7900 Jog Road, Lake Worth, Florida 33467, United States"
864,Reynolds High School,High School,"1698 SW Cherry Park Road, Troutdale, (Multnomah County), Oregon 97060, United States"
865,Ipswich High School,High School,"134 High Street, Ipswich, Massachusetts 01938, United States"
866,MIAMI UNIVERSITY,University,"Oxford (main campus), Ohio, United States, 39.511905°N 84.734674°W"
867,Sioux Falls Roosevelt High School,High School,"6600 W. 41st Street, Sioux Falls, South Dakota 57106, United States"
868,WEST HALL HIGH SCHOOL,High School,"5500 McEver Road, Oakwood, Georgia, 30566, United States"
869,WHITTIER COLLEGE,University,"Whittier, California, United States"
870,Boston College High School,High School,"150 Morrissey Boulevard, Boston, Massachusetts 02125, United States"
871,Saint Anthony High School,High School,"620 Olive Avenue, Long Beach 90802, United States"
872,MESSIAH COLLEGE,University,"Mechanicsburg, Pennsylvania, United States, 40.155269°N 76.99325°W, Coordinates: 40.155269°N 76.99325°W"
873,BAYLOR UNIVERSITY,University,"Waco, Texas, United States, 31°32′55″N 97°07′00″W, Coordinates: 31°32′55″N 97°07′00″W"
874,Regents School of Austin,High School,"3230 Travis Country Circle, Austin, Texas, United States"
875,South Mecklenburg High School,High School,"8900 Park Road, Charlotte, North Carolina 28210, United States"
876,Richlands High School,High School,
877,UNIVERSITY OF MISSOURI,University,"Columbia, Missouri, United States, 38.9453°N 92.3288°W, Coordinates: 38.9453°N 92.3288°W"
878,WEST VIRGINIA STATE UNIVERSITY,University,"Institute, West Virginia"
879,Seabury Hall,High School,"480 Olinda Road, Makawao, Maui,, Hawaiʻi 96768, United States Episcopal Church"
880,Muscogee County School District,High School,"2960 Macon Road, Columbus, Georgia 31906, United States"
881,Aberdeen High School,High School,"410 North G Street, Aberdeen, Washington, United States"
882,NORTHAMPTON COMMUNITY COLLEGE,University,"Bethlehem, Pennsylvania, United States, 40.6725°N 75.3234°W, Coordinates: 40.6725°N 75.3234°W"
883,Duchesne HS,High School,"2550 Elm Street, St. Charles, Missouri 63301, United States"
884,SAINT ANDREWS SCHOOL,High School,"3900 Jog Road, Boca Raton, Florida 33434, United States"
885,DELTA AIR LINES,,
886,Great Northern University,University,
887,INDIAN RIVER STATE COLLEGE,University,"Fort Pierce, Florida, United States"
888,Lisle CHSD 202,,
889,Mandarin High School,High School,"4831 Greenland Road, Jacksonville, Florida 32258, United States"
890,NORTHWESTERN CTD,,
891,WESTERN RESERVE ACADEMY,,"Hudson, Ohio, United States"
892,Plano Senior High School,High School,"2700 West 15th Street, Plano, Collin County, Texas, 75075-7524, United States"
893,Harmony School of Innovation-Katy,,
894,Morgan Park Academy,,"2153 W. 111th Street, Chicago, Illinois 60643, United States"
895,EAGLECREST HIGH SCHOOL,High School,"5100 South Picadilly Street, Centennial, Colorado 80015, United States"
896,Newfound Regional high School,High School,"150 Newfound Road, Bristol, New Hampshire 03222, United States"
897,Ola High School,High School,"357 N Ola Road, McDonough, Georgia"
898,"""Northwest High School - Germantown, MD""",High School,"13501 Richter Farm Road, Germantown, Maryland 20874, United States"
899,CHATTANOOGA STATE TECH CMTY CLG,University,"Chattanooga, Tennessee, USA"
900,Hopkinton High School,High School,"90 Hayden Rowe Street,, Hopkinton, Massachusetts, United States"
901,ARCADIA UNIVERSITY,University,"Glenside, Pennsylvania, United States, 40.0920°N 75.1655°W, Coordinates: 40.0920°N 75.1655°W"
902,Parish Hill Middle High School,High School,"304 Parish Hill Rd, Chaplin, Connecticut 06235, United States"
903,Episcopal Acadmey,,"1785 Bishop White Drive, Newtown Square, Pennsylvania 19073, United States"
904,COLLIN COLLEGE,University,"Collin County, Texas, United States"
905,Wake County Public Schools - Panther Creek HS,High School,"6770 McCrimmon Parkway, Cary, North Carolina 27519, United States"
906,MOUNT SAINT MARY COLLEGE,University,"Los Angeles, California, United States"
907,West Forsyth High School,High School,"4155 Drew Road, Cumming, Georgia 30040, United States"
908,Houston Christian High School,High School,"2700 West Sam Houston Parkway North, Houston, Texas 77043, United States"
909,OKLAHOMA CHRISTIAN UNIVERSITY,University,"Oklahoma City, Oklahoma, United States"
910,Gonzaga College High School,High School,"19 I Street Northwest, Washington, D. C. 20001, United States"
911,DELAWARE STATE UNIVERSITY,University,"Dover, Delaware, United States"
912,ST. JOSEPHS CATHOLIC SCHOOL,,
913,Germantown Academy,High School,"666 Morris Road, Fort Washington, Pennsylvania 19034-0287, United States"
914,Memphis University School,High School,"6191 Park Avenue, Memphis, Tennessee 38119, United States"
915,MOUNT HOOD COMMUNITY COLLGEE,,"Gresham, Oregon, U.S., 45°30′59″N 122°23′44″W, Coordinates: 45°30′59″N 122°23′44″W"
916,University of North Carolina School of the Arts,University,"Winston-Salem, North Carolina, United States"
917,Cascade High School,High School,
918,ARKANSAS STATE UNIVERSITY - BEEBE,University,"Beebe, Arkansas, USA"
919,Hampton High School,High School,"1491 West Queen Street, Hampton, Virginia 23669, United States"
920,ACADEMY OF THE HOLY CROSS,High School,"4920 Strathmore Avenue, Kensington, Maryland 20895, United States"
921,William Byrd HS - Roanoke County (VA) Schools,High School,"2902 Washington Avenue, Vinton, Virginia 24179, United States"
922,BUTLER UNIVERSITY,University,"Indianapolis, Indiana, United States, 39°50′22″N 86°10′17″W, Coordinates: 39°50′22″N 86°10′17″W"
923,Charlotte Catholic High School,High School,"7702 Pineville Matthews Road, Charlotte, North Carolina 28226, United States"
924,The Woodlands High School,High School,"6101 Research Forest Drive, The Woodlands, Texas 77381-6028, United States"
925,Hudson City Schools,,
926,CAL POLY STATE UNIVERSITY,University,"San Luis Obispo, California, United States"
927,UNIVERSITY OF ALASKA ANCHORAGE,University,"Anchorage, Alaska, United States, 61°11′23.59″N 149°49′37.25″W, Coordinates: 61°11′23.59″N 149°49′37.25″W"
928,CHARLESTON SOUTHERN UNIVERSITY,University,"North Charleston, South Carolina, United States"
929,MONTANA STATE UNIVERSITY,University,"Bozeman, Montana"
930,UNIVERSITY OF TAMPA,University,"Tampa, Florida, United States"
931,Tartan High School,High School,"828 Greenway Avenue North, Oakdale, Minnesota, 55128, United States"
932,Asheville Christian Academy,High School,"74 Riverwood Road, Swannanoa, North Carolina 28778, United States"
933,GALLAUDET UNIVERSITY,University,"Washington, D.C., United States, 38.907222°N 76.993056°W, Coordinates: 38.907222°N 76.993056°W"
934,Stillwater Area High School,High School,"5701 Stillwater Blvd N, Oak Park Heights, Minnesota 55082, United States"
935,Laurel Highlands High School,High School,"300 Bailey Avenue, North Union Township, Fayette County, Pennsylvania, Uniontown, Pennsylvania 15401"
936,Jay M. Robinson High School,High School,"300 Pitts School Road SW, Concord, North Carolina 28027, USA"
937,Grand Blanc High School,High School,"One Jewett Trail, Grand Blanc, Michigan 48439, United States"
938,DELAWARE COUNTY Christian School,,"Newtown Square, Pennsylvania, United States"
939,WINONA STATE UNIVERSITY,University,"Winona, Minnesota, United States"
940,Blue Valley West High School,High School,"16200 Antioch Road [1], Overland Park, Kansas 66085, United States"
941,CONCORDIA UNIVERSITY,University,
942,San Dimas High School,High School,"800 W. Covina Blvd, San Dimas, California, United States"
943,The Oakridge School,High School,"5900 West Pioneer Parkway, Arlington, Tarrant County, Texas 76013, United States"
944,MOREHEAD STATE UNIVERSITY,University,"Morehead, Kentucky, U.S., 38.189°N 83.431°W, Coordinates: 38.189°N 83.431°W"
945,Rancho Buena Vista High School,High School,"1601 Longhorn Drive, Vista, California, United States"
946,UNC Charlotte,University,"Charlotte, North Carolina, United States"
947,Chesapeake High School,High School,"Pasadena, Maryland, United States"
948,UNIVERSITY OF CALIFORNIA-RIVERSIDE,University,"Riverside & Palm Desert, California, United States"
949,Peddie School,High School,"201 South Main Street, Hightstown, NJ 08520, United States"
950,CAPE ELIZABETH HIGH SCHOOL,High School,"345 Ocean House Road, Cape Elizabeth, Maine 04107, United States"
951,North High School,High School,
952,Eleanor Roosevelt High School,High School,"7447 Scholar Way, Eastvale, California 92880, United States"
953,Phillips Exeter Academy,High School,"20 Main Street, Exeter, New Hampshire 03833, United States"
954,UNIVERSITY OF MINNESOTA - DULUTH,University,"Duluth, Minnesota, United States"
955,MORTON WEST,,"Berwyn, Illinois, United States"
956,Monroe High School,High School,"9229 Haskell Avenue, North Hills, California 91343, United States"
957,Mulvane High School,High School,
958,MORAVIAN COLLEGE,University,"Bethlehem, Pennsylvania, United States"
959,WEBER STATE UNIVERSITY,University,"Ogden, Utah, United States, 41.193°N 111.944°W, Coordinates: 41.193°N 111.944°W"
960,SHEPHERD UNIVERSITY,University,"Shepherdstown, West Virginia, United States"
961,LAURENS DISTRICT 55 HIGH SCHOOL,High School,"5058 Highway 76 West Laurens, Laurens, South Carolina 29360, United States"
962,ZEPHYRHILLS HIGH SCHOOL,High School,"6335 12th Street[1], Zephyrhills, Florida 33542, United States"
963,The Blake School,High School,"Minneapolis, Minnesota, United States"
964,WILLIAM PEACE UNIVERSITY,University,"Raleigh, North Carolina, United States"
965,PIEDMONT VIRGINIA CC,,"Charlottesville, Virginia, United States"
966,IOWA STATE UNIV,University,"Ames, Iowa, United States, 42°01′34″N 93°38′54″W, Coordinates: 42°01′34″N 93°38′54″W"
967,ST. STEPHENS,,
968,TRINITY UNIVERSITY,University,"San Antonio, Texas, United States"
969,LONGWOOD UNIVERSITY,University,"Farmville, Virginia, United States"
970,WILLIAM PEACE UNIV,University,"Raleigh, North Carolina, United States"
971,CALUMET COLLEGE OF SAINT JOSEPH,University,"Whiting, Indiana, United States, 41.670929°N 87.494385°W, Coordinates: 41.670929°N 87.494385°W"
972,Troy High School,High School,"2200 East Dorothy Lane, Fullerton, Orange County, California 92831, United States"
973,Silverado High School,High School,"14048 Cobalt Road, Victorville, California 92392, United States"
974,COLLEGE OF THE HOLY CROSS,University,"Worcester, Massachusetts, United States, 42°14′21″N 71°48′30″W, Coordinates: 42°14′21″N 71°48′30″W"
975,BURLINGTON TOWNSHIP HIGH SCHOOL,High School,"610 Fountain Avenue, Burlington Township, NJ 08016, United States"
976,Montomgery College,University,"Montgomery County, Maryland, United States, 39°05′53″N 77°09′33″W, Coordinates: 39°05′53″N 77°09′33″W"
977,COLORADO STATE UNIVERSITY,University,"Fort Collins, Colorado, United States, 40°34′29.41″N 105°4′51.52″W, Coordinates: 40°34′29.41″N 105°4′51.52″W"
978,Hudson High School,High School,"2500 Hudson-Aurora Road, Hudson, Ohio 44236, United States"
979,REDDING CHRISTIAN SCHOOL,,
980,EA Laney High School,High School,"2700 N College Rd, Wilmington, North Carolina 28405, United States"
981,DECATUR HIGH SCHOOL,High School,"310 North McDonough Street, Decatur, Georgia 30030-3393, United States"
982,Trinity Episcopal School,High School,"3850 Pittaway Drive, Richmond, VA 50702, United States"
983,Jenks High School,High School,"205 East B Street, Jenks, Oklahoma 74037, United States"
984,SUMMIT HIGH SCHOOL,High School,
985,Univ of WIsconsin - La Crosse,University,"La Crosse, Wisconsin, United States, 43.8155°N 91.2310°W, Coordinates: 43.8155°N 91.2310°W"
986,Walter L. Sickles High School,High School,"7950 Gunn Highway, Tampa, Florida 33626, United States"
987,Central York School District,High School,"775 Marion Road, York, York County, Pennsylvania 17406, United States"
988,Little Rock Central High School,High School,"1500 Park Street, Little Rock, Arkansas 72202-5843, United States"
989,DUBLIN SCHOOL,,"Dublin, New Hampshire, United States"
990,ONSLOW EARLY COLLEGE,University,
991,JAMES MADISON UNIVERSITY,University,"Harrisonburg, Virginia, United States"
992,GROVE CITY COLLEGE,University,"Grove City, Pennsylvania, United States, 41°9′22″N 80°4′48″W, Coordinates: 41°9′22″N 80°4′48″W"
993,University of Wisconsin--Stevens Pt.,University,"Stevens Point, Wisconsin, United States, 44°31′30″N 89°34′05″W, Coordinates: 44°31′30″N 89°34′05″W"
994,East Kentwood High School,High School,"6230 Kalamazoo Ave, Kentwood, Michigan 49508, United States"
995,CAL POLY POMONA,University,"Pomona, California, United States, 34°03′23″N 117°49′18″W, Coordinates: 34°03′23″N 117°49′18″W"
996,CEDAR CREEK HIGH SCHOOL,High School,"1701 New York Avenue, Egg Harbor City, NJ 08215, United States"
997,Sherman High School,High School,
998,IOWA STATE UNIVERSITY,University,"Ames, Iowa, United States, 42°01′34″N 93°38′54″W, Coordinates: 42°01′34″N 93°38′54″W"
